ObjectID,GlobalID,Collected Species,Other Species,How confident are you in this species' identification?,Have you performed a seed cut test on this species?,Please perform seed cut test before collecting.,Species Collection Number,Collection Reference Number,USFS Collection ID,Collection Technique,Seeds Collected From,Reason for Collecting from Ground,Number of Plants Sampled,Number of Plants Found,Image Identifier,Species_hidden,ParentGlobalID,CreationDate,Creator,EditDate,Editor
1,766e2422-1063-4786-8ec9-e8bf9590be62,CAINH2,,6,yes,,01,CNHPY3.1-001,CAINH2_SR1520SH_021005_20250605-01,20_percent,Plants,,108,540,CAINH2_CNHPY3.1-001,CAINH2,51000b03-de42-4c81-9cd3-9d35fd8ef714,06/05/2025 19:42:51.732,cnhp_guest4,06/05/2025 19:42:51.732,cnhp_guest4
2,ac38ec79-edbd-4671-9497-5885763a0c23,CAINH2,,6,yes,,01,CNHPY3.1-002,CAINH2_SR1015SH_020609_20250616-01,Every_5,Plants,,122,810,CAINH2_CNHPY3.1-002,CAINH2,6e02ce87-2aa6-4f99-b8de-c52870a91fdc,06/30/2025 23:26:10.630,cnhp_guest7,06/30/2025 23:26:10.630,cnhp_guest7
3,e32df490-abd0-4a2b-abb8-dc5854d0c206,CAINH2,,8,yes,,01,CNHPY3.1-003,CAINH2_SR0510SH_021202_20250625-01,Every_5,Plants,,110,2750,CAINH2_CNHPY3.1-003,CAINH2,291c05a4-36e9-41ec-9659-98286da469d1,06/30/2025 23:26:13.218,cnhp_guest7,06/30/2025 23:26:13.218,cnhp_guest7
4,7081d665-0ae1-4a0b-9ec7-1a2ba991555f,CAINH2,,9,yes,,03,CNHPY3.1-006,CAINH2_SR1015SH_021203_20250628-03,Every_5,Plants,,1100,10000,CAINH2_CNHPY3.1-006,CAINH2,2d9fbd24-33a3-4f6a-8f84-fdd0e85fcc16,06/30/2025 23:26:15.159,cnhp_guest7,06/30/2025 23:26:15.159,cnhp_guest7
5,f10468ef-1d9e-43ef-9575-33684a9c0793,CAINH2,,10,yes,,01,CNHPY3.1-004,CAINH2_SR1015SH_021203_20250628-01,Every_5,Plants,,630,3450,CAINH2_CNHPY3.1-004,CAINH2,53c2154c-a3d2-4554-8aa3-3f16ca77789b,07/01/2025 16:09:01.589,cnhp_guest7,07/01/2025 16:09:01.589,cnhp_guest7
6,cf31b15b-533b-4b34-932d-85a559749862,CAINH2,,9,yes,,02,CNHPY3.1-005,CAINH2_SR1015SH_021203_20250628-02,Every_5,Plants,,304,1520,CAINH2_CNHPY3.1-005,CAINH2,92567bd9-8c9b-412c-a40c-8fca163036f4,07/01/2025 16:09:03.230,cnhp_guest7,07/01/2025 16:09:03.230,cnhp_guest7
7,f1ec97f2-c062-4e2b-9617-81917fcf7bda,GETR,,10,yes,,01,CNHPY3.1-007,GETR_SR0510VH_020402_20250712-01,Every_5,Plants,,106,900,GETR_CNHPY3.1-007,GETR,7c7c74de-9834-4ae3-9ed4-82376ce534b2,07/15/2025 15:56:30.743,cnhp_guest7,07/15/2025 15:56:30.743,cnhp_guest7
8,b4ba1ddd-4ade-4a87-b7b2-5e9118625b34,GETR,,10,yes,,01,CNHPY3.1-008,GETR_SR0510HU_020407_20250713-01,Every_5,Plants,,88,480,GETR_CNHPY3.1-008,GETR,731156e3-4e11-43bd-9824-f76f689e52fc,07/15/2025 15:56:32.730,cnhp_guest7,07/15/2025 15:56:32.730,cnhp_guest7
9,3175e992-9876-4079-b5ce-05bcd1b63892,POFE,,9,yes,,01,CNHPY3.1-009,POFE_SR0510HU_020407_20250713-01,Every_5,Plants,,162,850,POFE_CNHPY3.1-009,POFE,ae1e6e60-bf96-4d59-a732-0fc9d2c4efac,07/15/2025 15:56:34.360,cnhp_guest7,07/15/2025 15:56:34.360,cnhp_guest7
10,add30c57-8320-47da-bfe2-4d2fc9ffb906,POSE,,9,yes,,01,CNHPY3.1-010,POSE_SR0510SH_020407_20250713-01,Every_5,Plants,,307,2500,POSE_CNHPY3.1-010,POSE,d0e0ef27-6231-43b5-9fd7-9c64604067f9,07/15/2025 16:01:01.568,cnhp_guest7,07/15/2025 16:01:01.568,cnhp_guest7
11,9e24f7e1-f92d-4a91-815a-9d5f1f110ae5,ACNE9,,9,yes,,01,CNHPY3.1-011,ACNE9_SR0510SH_020407_20250713-01,20_percent,Plants,,333,333,ACNE9_CNHPY3.1-011,ACNE9,d0e0ef27-6231-43b5-9fd7-9c64604067f9,07/15/2025 16:01:01.568,cnhp_guest7,07/15/2025 16:01:01.568,cnhp_guest7
12,01cf0dbf-2a18-4e7b-bcb6-68cdf7f7d992,GETR,,10,yes,,01,CNHPY3.2-001,GETR_SR1015SH_021005_20250716-01,20_percent,Plants,,200,3000,GETR_CNHPY3.1-001,GETR,2c4daf2d-aabd-4381-a3c6-d49ee6f39849,07/16/2025 20:03:28.310,cnhp_guest4,11/03/2025 21:40:43.962,cnhp_guest4
13,d8218060-1b78-452f-adff-598784719c20,ACNE9,,9,yes,,01,CNHPY3.1-012,ACNE9_SR0510SH_020605_20250722-01,Every_5,Plants,,218,1090,ACNE9_CNHPY3.1-012,ACNE9,eb5dcbb6-90a1-4cbc-bc00-212758db327c,07/29/2025 19:55:18.591,cnhp_guest4,07/29/2025 19:55:18.591,cnhp_guest4
14,b91005ca-49e3-4e65-8f45-eba70e8f1d96,ACNE9,,7,yes,,02,CNHPY3.1-013,ACNE9_SR0510HU_020605_20250722-02,Every_5,Plants,,134,670,ACNE9_CNHPY3.1-013,ACNE9,3aaaf29f-c909-4c03-9579-71ed851c9ba8,07/29/2025 19:55:21.003,cnhp_guest4,07/29/2025 19:55:21.003,cnhp_guest4
15,84414807-a691-4aa5-a59e-20b97eedaec9,ACNE9,,9,yes,,01,CNHPY3.1-014,ACNE9_SR0510HU_020605_20250723-01,Every_5,Plants,,260,2000,ACNE9_CNHPY3.1-014,ACNE9,b3c7c46d-0fe3-458b-92c2-1dad6a2dbca3,07/29/2025 20:05:35.745,cnhp_guest4,07/29/2025 20:05:35.745,cnhp_guest4
16,9007da0f-a174-4a72-b723-1c5d2dc7cf67,ACNE9,,9,yes,,01,CNHPY3.1-015,ACNE9_SR0510SH_020605_20250724-01,Every_5,Plants,,110,1000,ACNE9_CNHPY3.1-015,ACNE9,aec3d44f-7767-4f5d-80db-6988f3a221db,07/29/2025 20:05:37.296,cnhp_guest4,07/29/2025 20:05:37.296,cnhp_guest4
17,ca5a74e5-a692-4b7c-bf47-1cd18aadca5f,DAIN,Danthonia intermedia,9,yes,,01,CNHPY3.1-016,DAIN_SR0510SH_020605_20250724-01,Every_5,Plants,,1200,8000,DAIN_CNHPY3.1-016,DAIN,90815831-8833-475f-8a11-411e21e30793,07/29/2025 20:05:39.301,cnhp_guest4,10/31/2025 16:49:30.867,cnhp_guest4
18,3f73302d-0c31-4a1e-9eee-7732c27f7612,ACNE9,,9,yes,,01,CNHPY3.1-017,ACNE9_SR0510HU_020605_20250725-01,Every_5,Plants,,192,1000,ACNE9_CNHPY3.1-017,ACNE9,4bad12c1-bd35-4883-9f82-ac1832b8cb14,07/29/2025 20:05:41.053,cnhp_guest4,07/29/2025 20:05:41.053,cnhp_guest4
19,c7a01f4f-89f5-4127-9abc-dff657e14ed7,GETR,,10,yes,,01,CNHPY3.1-018,GETR_SR0510VH_020605_20250725-01,20_percent,Plants,,56,65,GETR_CNHPY3.1-018,GETR,853dc3da-6d92-4e9e-a3ee-e0fb9980d196,07/29/2025 20:05:42.807,cnhp_guest4,07/29/2025 20:05:42.807,cnhp_guest4
20,836a5320-7e3c-4bde-925a-876ab2dc26ec,DECE,,10,yes,,01,CNHPY3.1-019,DECE_SR0510VH_020605_20250725-01,Every_5,Plants,,1000,8000,DECE_CNHPY3.1-019,DECE,9c25dadc-4599-49fe-acb7-48ae5741b78b,07/29/2025 20:05:44.688,cnhp_guest4,07/29/2025 20:05:44.688,cnhp_guest4
21,8738706e-07e5-40e2-a7fc-08ce2bccfde5,ACNE9,,9,yes,,01,CNHPY3.1-020,ACNE9_SR0510HU_020602_20250726-01,Every_5,Plants,,172,1500,ACNE9_CNHPY3.1-020,ACNE9,895304d8-e745-453d-b35b-e72b6ac9e060,07/29/2025 20:05:46.418,cnhp_guest4,07/29/2025 20:05:46.418,cnhp_guest4
22,9fe88e30-76cf-4402-8070-887f5c33a759,DECE,,9,yes,,01,CNHPY3.1-021,DECE_SR0510HU_020602_20250726-01,Every_5,Plants,,296,2200,DECE_CNHPY3.1-021,DECE,04b0c1cf-b924-4749-9252-be73a87e8ebf,07/29/2025 20:05:48.040,cnhp_guest4,07/29/2025 20:05:48.040,cnhp_guest4
23,f3d13944-f9af-4414-a3cb-59c0926a9591,ACNE9,,9,yes,,01,CNHPY3.1-022,ACNE9_SR0510VH_020602_20250727-01,Every_5,Plants,,280,1500,ACNE9_CNHPY3.1-022,ACNE9,7d7128a0-c903-4b44-81a9-a8e35fd9f298,07/29/2025 20:05:49.671,cnhp_guest4,07/29/2025 20:05:49.671,cnhp_guest4
24,e4715ba5-fff3-4f12-abe2-c5d94b5bb4cd,ACNE9,,9,yes,,02,CNHPY3.1-023,ACNE9_SR1015SH_020605_20250727-02,Every_5,Plants,,50,250,ACNE9_CNHPY3.1-023,ACNE9,2553ce8b-1332-434a-a540-c73daa721e7f,07/29/2025 20:05:50.975,cnhp_guest4,07/29/2025 20:05:50.975,cnhp_guest4
25,eb8a876e-3c20-4964-881d-be12ac0f1017,DECE,,9,yes,,01,CNHPY3.1-024,DECE_SR1015SH_021005_20250728-01,Every_5,Plants,,559,8000,DECE_CNHPY3.1-024,DECE,f16192c4-60e1-4081-8b3d-272aeb51b25d,07/29/2025 20:05:52.208,cnhp_guest4,07/29/2025 20:05:52.208,cnhp_guest4
26,0bc8ee0f-c9a7-4b85-90e8-5d9f53b29259,CAPU,Calamagrostis purpurascens,10,yes,,01,CNHPY3.2-002,CAPU_SR0510HU_021007_20250805-01,20_percent,Plants,,500,,CAPU_CNHPY3.2-002,CAPU,035dfee7-d13c-4237-95e8-3681ad18c531,08/08/2025 19:36:20.628,cnhp_guest4,10/31/2025 16:47:15.798,cnhp_guest4
27,a2c38ab7-fbac-4259-b553-64b29b5cf3fe,PEPR2,,9,yes,,02,CNHPY3.1-028,PEPR2_MR0005HU_021405_20250806-02,Every_5,Plants,,187,935,PEPR2_CNHPY3.1-028,PEPR2,1a18b98c-ce82-40c6-81a1-094aedcdfd1e,08/11/2025 21:17:16.196,cnhp_guest4,08/11/2025 21:17:16.196,cnhp_guest4
28,ec1ffca6-e4af-4271-a783-6b4a8bc56450,PEPR2,,8,yes,,01,CNHPY3.1-025,PEPR2_MR0510HU_021403_20250805-01,20_percent,Plants,,193,200,PEPR2_CNHPY3.1-025,PEPR2,ac06d16a-5585-4050-a0a0-1651ce09a535,08/12/2025 16:06:41.501,cnhp_guest7,08/12/2025 16:06:41.501,cnhp_guest7
29,2bd2f148-b4cf-4173-9a31-c0b9562d98a1,POSE,,8,yes,,01,CNHPY3.1-026,POSE_MR0510SH_021403_20250806-01,20_percent,Plants,,281,325,POSE_CNHPY3.1-026,POSE,dcbe342f-d89f-4d58-a50f-fd5f41d40121,08/12/2025 16:06:43.298,cnhp_guest7,08/12/2025 16:06:43.298,cnhp_guest7
30,a26be813-2d23-4b78-824d-5757e45b277e,PEPR2,,9,yes,,01,CNHPY3.1-027,PEPR2_MR0510SH_021405_20250806-01,Every_5,Plants,,119,600,PEPR2_CNHPY3.1-027,PEPR2,ba3ec5a8-db97-414e-ba9d-251afd68f850,08/12/2025 16:06:44.970,cnhp_guest7,08/12/2025 16:06:44.970,cnhp_guest7
31,88590965-d13a-4e13-af43-fe8eb12ec454,PEPR2,,8,yes,,01,CNHPY3.1-029,PEPR2_MR0005SH_021405_20250807-01,Every_5,Plants,,502,2700,PEPR2_CNHPY3.1-029,PEPR2,d252f607-44c8-4852-a624-a2b46e160369,08/12/2025 16:06:46.549,cnhp_guest7,08/12/2025 16:06:46.549,cnhp_guest7
32,40015acf-4c62-4622-abe3-3de1a6f4587a,PEPR2,,9,yes,,02,CNHPY3.1-030,PEPR2_MR0005HU_021405_20250807-02,Every_5,Plants,,179,1200,PEPR2_CNHPY3.1-030,PEPR2,085f7e9a-6129-4d17-b0df-08f1bc9d7059,08/12/2025 16:06:47.936,cnhp_guest7,08/12/2025 16:06:47.936,cnhp_guest7
33,cf310c15-1360-4f5f-90be-8561cf4995e6,PEPR2,,9,yes,,01,CNHPY3.1-031,PEPR2_MR1015SH_021404_20250808-01,Every_5,Plants,,327,5000,PEPR2_CNHPY3.1-031,PEPR2,5530a7a5-e090-41e8-8883-7664c4314d74,08/12/2025 16:06:50.086,cnhp_guest7,11/13/2025 18:01:37.371,cnhp_guest4
34,91207080-ec8f-482e-8366-6b82c71a19d4,GETR,,10,yes,,01,CNHPY3.1-032,GETR_MR1015SH_021404_20250808-01,Every_5,Plants,,331,2000,GETR_CNHPY3.1-032,GETR,5530a7a5-e090-41e8-8883-7664c4314d74,08/12/2025 16:06:50.086,cnhp_guest7,11/03/2025 21:44:39.580,cnhp_guest4
35,9f067026-3975-4743-82b5-bdafbacfc1d2,PEPR2,,7,yes,,01,CNHPY3.1-033,PEPR2_MR0510SH_021401_20250809-01,Every_5,Plants,,218,1500,PEPR2_CNHPY3.1-033,PEPR2,6002cb47-f237-4980-a023-e0ca2b0af97a,08/12/2025 16:06:51.539,cnhp_guest7,08/12/2025 16:06:51.539,cnhp_guest7
36,d5c0ba5c-bd49-41f5-a17c-d901a1404e86,GETR,,10,yes,,01,CNHPY3.1-034,GETR_MR0005VH_021401_20250810-01,Every_5,Plants,,734,4000,GETR_CNHPY3.1-034,GETR,c751e0c8-80c8-4ca1-85a6-e4ede929b223,08/12/2025 16:06:53.212,cnhp_guest7,08/12/2025 16:06:53.212,cnhp_guest7
37,36107b20-79f7-45bb-88a0-c168914b1b07,DROC,,10,yes,,01,CNHPY3.1-035,DROC_SR0005VH_021510_20250819-01,20_percent,Plants,,270,2700,DROC_CNHPY3.1-035,DROC,eab54789-7e56-4a6b-9708-85cec0ae2904,08/26/2025 17:29:47.854,cnhp_guest4,08/26/2025 17:29:47.854,cnhp_guest4
38,d86880e5-2366-42c4-8b71-b7f1f1d1761c,DECE,,9,yes,,01,CNHPY3.1-036,DECE_SR0510VH_021510_20250820-01,20_percent,Plants,,628,10000,DECE_CNHPY3.1-036,DECE,678ac1da-b6b2-46d2-88ec-5522289c2932,08/26/2025 17:29:49.834,cnhp_guest4,08/26/2025 17:29:49.834,cnhp_guest4
39,b0401bb5-4f7e-43e0-abf1-5c1655e2fb96,GERO2,,9,yes,,01,CNHPY3.1-037,GERO2_SR0510HU_021507_20250821-01,Every_5,Plants,,60,60,GERO2_CNHPY3.1-037,GERO2,2086545d-dd9a-44cf-9abd-ca24c3713071,08/26/2025 17:29:51.675,cnhp_guest4,08/26/2025 17:29:51.675,cnhp_guest4
40,e6581518-ae77-4ee3-b77d-f6d4f0daab00,DECE,,9,yes,,01,CNHPY3.1-038,DECE_SR0510HU_021507_20250821-01,20_percent,Plants,,886,2000,DECE_CNHPY3.1-038,DECE,2086545d-dd9a-44cf-9abd-ca24c3713071,08/26/2025 17:29:51.675,cnhp_guest4,08/26/2025 17:29:51.675,cnhp_guest4
41,94023c96-879a-4a90-ae2d-2b9cdc5fa5bc,DECE,,9,yes,,02,CNHPY3.1-039,DECE_SR0005VH_021507_20250821-02,Every_5,Plants,,410,1000,DECE_CNHPY3.1-039,DECE,a2a82d88-6c26-4c11-8274-7209dcc2a5f2,08/26/2025 17:29:53.318,cnhp_guest4,08/26/2025 17:29:53.318,cnhp_guest4
42,5c2d43e4-d261-4124-9b62-b6cc065d7e6b,CAEB,,8,yes,,01,CNHPY3.1-040,CAEB_SR0005VH_021510_20250822-01,Every_5,Plants,,1160,20000,CAEB_CNHPY3.1-040,CAEB,765ca65b-5071-4aaa-a59f-0171cc56d2b5,08/26/2025 17:29:55.551,cnhp_guest4,08/26/2025 17:29:55.551,cnhp_guest4
43,1a3ba161-fc00-40fc-a8cf-1501a383d320,DECE,,10,yes,,01,CNHPY3.1-041,DECE_SR0005VH_021510_20250822-01,Every_5,Plants,,3200,20000,DECE_CNHPY3.1-041,DECE,765ca65b-5071-4aaa-a59f-0171cc56d2b5,08/26/2025 17:29:55.551,cnhp_guest4,08/26/2025 17:29:55.551,cnhp_guest4
44,f3174b75-e95f-485c-b73e-316dc4c3ef35,POAL2,,8,yes,,01,CNHPY3.1-042,POAL2_SR0005VH_021510_20250822-01,20_percent,Plants,,400,2000,POAL2_CNHPY3.1-042,POAL2,765ca65b-5071-4aaa-a59f-0171cc56d2b5,08/26/2025 17:29:55.551,cnhp_guest4,08/26/2025 17:29:55.551,cnhp_guest4
45,8775920d-10b8-4d23-8465-d8734e1b3631,GERO2,,9,yes,,01,CNHPY3.1-043,GERO2_SR0005VH_021510_20250822-01,Every_5,Plants,,726,3630,GERO2_CNHPY3.1-043,GERO2,765ca65b-5071-4aaa-a59f-0171cc56d2b5,08/26/2025 17:29:55.551,cnhp_guest4,08/26/2025 17:29:55.551,cnhp_guest4
46,6f143c1c-65f3-4dec-b5fb-d5bc3ee7f994,GERO2,,10,yes,,01,CNHPY3.1-044,GERO2_SR0005VH_021501_20250824-01,Every_5,Plants,,391,1955,GERO2_CNHPY3.1-044,GERO2,dff82c74-71be-4649-9287-4e35ac465988,08/26/2025 17:29:56.955,cnhp_guest4,08/26/2025 17:29:56.955,cnhp_guest4
47,1fbe8dde-0d29-44dd-b1e8-db11520edd9f,CAEB,,9,yes,,01,CNHPY3.1-045,CAEB_SR0005VH_021503_20250825-01,Every_5,Plants,,87,470,CAEB_CNHPY3.1-045,CAEB,8ff26257-5dd5-4a20-9a26-76ec621aa3f4,08/26/2025 17:29:58.669,cnhp_guest4,08/26/2025 17:29:58.669,cnhp_guest4
48,abc8194f-7d6c-44e6-a324-f9d63dec1a81,DECE,,10,yes,,01,CNHPY3.1-046,DECE_SR0005VH_021503_20250825-01,Every_5,Plants,,150,1250,DECE_CNHPY3.1-046,DECE,8ff26257-5dd5-4a20-9a26-76ec621aa3f4,08/26/2025 17:29:58.669,cnhp_guest4,08/26/2025 17:29:58.669,cnhp_guest4
49,21325813-b08f-486c-8d24-5edcee4d5cae,PEPR2,,8,yes,,01,CoNPS3.2-001,PEPR2_SR0510SH_021211_20250827-01,Every_5,Plants,,263,4000,PEPR2_CoNPS3.2-001,PEPR2,0519e06b-3434-454d-b800-a00703dd67a1,08/28/2025 15:51:50.017,cnhp_guest4,08/28/2025 15:51:50.017,cnhp_guest4
50,74fd1a44-2ee1-400b-9db8-461057533c68,GETR,,10,yes,,01,CoNPS3.2-002,GETR_SR0510SH_021211_20250827-01,Every_5,Plants,,621,6000,GETR_CoNPS3.2-002,GETR,0519e06b-3434-454d-b800-a00703dd67a1,08/28/2025 15:51:50.017,cnhp_guest4,08/28/2025 15:51:50.017,cnhp_guest4
51,dd489782-11e7-4e45-a26e-b6b27b2e0fd6,BOGR,Bouteloua gracilis,10,yes,,01,CoNPS3.2-003,BOGR_HP1015SA_021006_20250830-01,Every_5,Plants,,651,10000,BOGR_CoNPS3.2-003,BOGR,e2273943-7d52-4c75-a08b-9758b195e665,08/31/2025 03:25:06.073,cnhp_guest4,10/31/2025 16:46:05.793,cnhp_guest4
52,988c97ac-7636-4a22-a4d0-481846b88817,HEMU3,,10,yes,,01,Conps3.2-004,HEMU3_SR0510HU_020603_20250906-01,Every_5,Plants,,193,500,HEMU3_Conps3.2-004,HEMU3,2b1ab067-5aa1-4191-9428-c52f0411609c,09/07/2025 03:40:47.179,cnhp_guest4,09/07/2025 03:40:47.179,cnhp_guest4
53,cea0113b-63b9-4ec0-9623-e758d06b6c09,ERSP4,,8,yes,,01,CoNPS3.2-005,ERSP4_SR0510HU_020603_20250906-01,Every_5,Plants,,376,1000,ERSP4_CoNPS3.2-005,ERSP4,2b1ab067-5aa1-4191-9428-c52f0411609c,09/07/2025 03:40:47.179,cnhp_guest4,09/07/2025 03:40:47.179,cnhp_guest4
54,e0caf53e-da4b-45e3-a6fa-cd732e5fbce9,SCSC,,10,yes,,01,CNHPY3.1-047,SCSC_NG1015SH_020702_20250903-01,Every_5,Plants,,1809,5000,SCSC_CNHPY3.1-047,SCSC,f725d2c0-10f6-420b-b84b-078b01f65d52,09/09/2025 17:03:27.589,cnhp_guest4,09/09/2025 17:03:27.589,cnhp_guest4
55,4ce3a64e-a91e-4dc9-bda6-28ff1417b70b,ECAN2,,9,yes,,01,CNHPY3.1-048,ECAN2_HP1015SH_020702_20250904-01,Every_5,Plants,,83,415,ECAN2_CNHPY3.1-048,ECAN2,a47f2e00-7023-4f4e-84a5-69ea011a63aa,09/09/2025 17:03:29.735,cnhp_guest4,09/09/2025 17:03:29.735,cnhp_guest4
56,298e885a-0fcf-4579-ad42-4cc6909346f0,ECAN2,,9,yes,,02,CNHPY3.1-049,ECAN2_NG1015SH_020702_20250904-02,Every_5,Plants,,450,2250,ECAN2_CNHPY3.1-049,ECAN2,f4f12c9b-0e25-4d66-8c4b-66d09b766406,09/09/2025 17:03:31.727,cnhp_guest4,09/09/2025 17:03:31.727,cnhp_guest4
57,4878db8c-1f84-4126-a5d0-40b61d49a792,SCSC,,10,yes,,01,CNHPY3.1-050,SCSC_NG1015SH_020702_20250904-01,Every_5,Plants,,336,1680,SCSC_CNHPY3.1-050,SCSC,f4f12c9b-0e25-4d66-8c4b-66d09b766406,09/09/2025 17:03:31.727,cnhp_guest4,09/09/2025 17:03:31.727,cnhp_guest4
58,51743069-72c4-4d98-8068-683ca5963039,SCSC,,10,yes,,01,CNHPY3.1-051,SCSC_HP1015SH_020702_20250905-01,Every_5,Plants,,1854,9270,SCSC_CNHPY3.1-051,SCSC,3204aaf7-be1b-4455-9737-3350bddc4f89,09/09/2025 17:03:33.134,cnhp_guest4,09/09/2025 17:03:33.134,cnhp_guest4
59,fc27cccc-11d4-425b-948d-e1939673c04c,ECAN2,,9,yes,,01,CNHPY3.1-052,ECAN2_HP1015SH_020702_20250905-01,Every_5,Plants,,266,1330,ECAN2_CNHPY3.1-052,ECAN2,98db1e68-e3ad-4328-85fc-a37789f15861,09/09/2025 17:03:34.821,cnhp_guest4,09/09/2025 17:03:34.821,cnhp_guest4
60,12e11b20-b639-4aff-93a0-ab4872681fe3,ECAN2,,9,yes,,01,CNHPY3.1-053,ECAN2_HP1520SH_020702_20250906-01,Every_5,Plants,,93,475,ECAN2_CNHPY3.1-053,ECAN2,34c20676-928d-428f-bbc4-7491910df3f2,09/09/2025 17:03:36.306,cnhp_guest4,09/09/2025 17:03:36.306,cnhp_guest4
61,fc7bf7af-f6ec-46a5-b5e2-8fd068554c9c,ECAN2,,9,yes,,02,CNHPY3.1-054,ECAN2_HP1520SH_020702_20250906-02,Every_5,Plants,,681,3405,ECAN2_CNHPY3.1-054,ECAN2,1fdbf39b-f686-42df-950d-feb320010c23,09/09/2025 17:03:37.767,cnhp_guest4,09/09/2025 17:03:37.767,cnhp_guest4
62,6c58f719-1bc3-423a-a917-d724c95baeb1,ASSP,,9,yes,,01,CNHPY3.1-055,ASSP_HP1015SH_020702_20250906-01,Every_5,Plants,,150,250,ASSP_CNHPY3.1-055,ASSP,211a5cde-0a88-424a-933e-dc228048a748,09/09/2025 17:03:38.910,cnhp_guest4,09/09/2025 17:03:38.910,cnhp_guest4
63,7a242064-78dd-4750-9ea4-7b31a32a3682,MOFI,,10,yes,,01,CNHPY3.1-056,MOFI_SR1015SH_021005_20250907-01,Every_5,Plants,,750,4000,MOFI_CNHPY3.1-056,MOFI,3ebac4f3-d7bc-4257-b820-ea7cc71dbee7,09/09/2025 17:03:40.212,cnhp_guest4,09/09/2025 17:03:40.212,cnhp_guest4
64,bc933094-0afc-4f69-ada2-e301b2c9d35a,HEPU3,,9,yes,,01,CNHPY3.1-057,HEPU3_SR1015SH_021005_20250907-01,Every_5,Plants,,156,1000,HEPU3_CNHPY3.1-057,HEPU3,f6e1b4d7-2cd8-463c-87ca-49c846fb438a,09/09/2025 17:34:33.128,cnhp_guest4,09/09/2025 17:34:33.128,cnhp_guest4
65,758a0d61-cde0-4d47-8b29-47df2ed8e8ea,HEPU3,,10,yes,,01,CNHPY3.1-058,HEPU3_SR1520SH_021005_20250908-01,Every_5,Plants,,685,6425,HEPU3_CNHPY3.1-058,HEPU3,ebfa3829-c78c-4f87-a418-e2e6ad2d4652,09/09/2025 17:34:38.023,cnhp_guest4,09/09/2025 17:34:38.023,cnhp_guest4
66,2f232494-2da6-4834-8758-79b15dba9ede,ARTRV,,9,yes,,01,CoNPS3.2-008,ARTRV_SR0510SH_021211_20250910-01,20_percent,Plants,,303,5000,ARTRV_CoNPS3.2-007,ARTRV,1c464898-f270-4225-9869-38ac60d59331,09/11/2025 00:31:32.025,cnhp_guest4,10/01/2025 16:25:09.423,cnhp_guest4
67,89c30260-4ff3-4bc8-b494-f3e2b47c6f96,EREL9,Erigeron elatior,8,yes,,01,CoNPS3.2-006,EREL9_SR0510HU_021007_20250910-01,Every_5,Plants,,179,1500,EREL9_CoNPS3.2-006,EREL9,f5b338f4-56a7-4f90-8152-3a3825d69d9d,09/11/2025 03:18:57.075,cnhp_guest4,10/31/2025 16:48:35.580,cnhp_guest4
68,4cb5387c-6849-44fd-bfc5-90a3656b22aa,CAEB,,8,yes,,01,CoNPS3.2-007,CAEB_SR0510HU_021007_20250910-01,20_percent,Plants,,64,320,CAEB_CoNPS3.2-007,CAEB,f5b338f4-56a7-4f90-8152-3a3825d69d9d,09/11/2025 03:18:57.075,cnhp_guest4,09/11/2025 03:18:57.075,cnhp_guest4
69,69cd7d16-854f-42f6-b5da-660d99a5d37e,ARTRV,,10,yes,,01,CNHPY3.1-059,ARTRV_SR1015HU_021508_20250917-01,Every_5,Plants,,287,10000,ARTRV_CNHPY3.1-059,ARTRV,c9c486e6-777e-42dd-873e-feaf5045e028,09/23/2025 00:25:30.739,cnhp_guest4,09/23/2025 00:25:30.739,cnhp_guest4
70,e0d0c6a7-4bc2-40e1-8a7a-3050626dfaca,MOFI,,10,yes,,01,CNHPY3.1-060,MOFI_SR1520SH_021005_20250921-01,Every_5,Plants,,800,5000,MOFI_CNHPY3.1-060,MOFI,5a87a501-352f-4a8a-a8f0-9f191f2bf978,09/23/2025 00:25:32.681,cnhp_guest4,09/23/2025 00:25:32.681,cnhp_guest4
71,6f25e315-0ec2-4405-95b4-3a0e1f73bdea,MOFI,,10,yes,,01,CNHPY3.1-061,MOFI_SR1520SH_021005_20250922-01,Every_5,Plants,,432,2160,MOFI_CNHPY3.1-061,MOFI,d794d264-4b73-469f-a4cc-2fbcf329f411,09/23/2025 00:25:34.709,cnhp_guest4,09/23/2025 00:25:34.709,cnhp_guest4
72,666aa819-ea2b-4b04-965e-0210402a2886,MOFI,,10,yes,,01,Conps3.2-009,MOFI_SR1015SH_021211_20250922-01,Every_5,Plants,,503,5000,MOFI_Conps3.2-009,MOFI,9e7c692b-178d-4f8c-8241-ae04b68bdccd,09/23/2025 01:56:04.856,cnhp_guest4,09/23/2025 01:56:04.856,cnhp_guest4
73,bee64522-05e2-4dfd-839d-4e33490e52a3,PEVI4,,10,yes,,01,CoNPS3.2-010,PEVI4_SR1015SH_021211_20250922-01,Every_5,Plants,,179,5000,PEVI4_CoNPS3.2-010,PEVI4,9e7c692b-178d-4f8c-8241-ae04b68bdccd,09/23/2025 01:56:04.856,cnhp_guest4,10/31/2025 17:49:47.721,cnhp_guest4
74,87c33cc4-7d5c-4450-9721-5cc7beefd7a3,CALE9,CALE9,10,yes,,01,CoNPS3.2-017,CALE9_SR0510VH_020402_20250927-01,Every_5,Plants,,,300,CALE9_CoNPS3.2-017,CALE9,b6023b37-f325-4a47-be9c-aab6890400b2,09/28/2025 20:27:02.984,cnhp_guest4,11/03/2025 21:49:49.124,cnhp_guest4
75,a67bfbe6-3dc8-4a65-9159-993b99d5cc8c,PERY,,10,yes,,01,CoNPS3.2-016,PERY_SR0510HU_020402_20250927-01,Every_5,Plants,,,,PERY_CoNPS3.2-016,PERY,6fc166b0-1440-495e-8555-97695720bb9e,09/28/2025 20:33:03.316,cnhp_guest4,11/03/2025 21:51:14.296,cnhp_guest4
76,2ae859ed-0aae-4183-814c-0d659797b852,ERSP4,,10,yes,,01,Conps3.2-015,ERSP4_SR0510VH_020402_20250926-01,20_percent,Plants,,100,300,ERSP4_Conps3.2-015,ERSP4,e9b7e8b7-a890-4e74-923b-48212e65f6d8,09/28/2025 20:37:12.494,cnhp_guest4,11/03/2025 21:51:20.174,cnhp_guest4
77,d5c12254-06bc-4dd7-947b-ecff4fccc3bd,ARAR8,ARAR8,10,yes,,01,Conps3.2-011,ARAR8_SR0510SH_021510_20250924-01,20_percent,Plants,,981,10000,ARAR8_Conps3.2-011,ARAR8,7ec7f1a7-aa4e-404d-9dd7-f32105a9f193,09/28/2025 20:41:49.121,cnhp_guest4,11/03/2025 21:51:35.603,cnhp_guest4
78,05573c68-a911-495f-972a-31c13f1460a4,PEST2,,10,yes,,01,Conps3.2-012,PEST2_SR0005SH_021510_20250924-01,Every_5,Plants,,60,300,PEST2_Conps3.2-012,PEST2,37aa03ae-c8aa-4adf-95b4-5df6aaf1cd6b,09/28/2025 20:45:45.495,cnhp_guest4,09/28/2025 20:45:45.495,cnhp_guest4
79,b14c2113-ac78-4c47-83c4-dd3c5b4d1c8f,PEPR2,,10,yes,,01,Conps3.2-014,PEPR2_SR0005SH_021510_20250925-01,20_percent,Plants,,63,200,PEPR2_Conps3.2-014,PEPR2,5ea51ba3-dca7-45af-bc4c-63b8feb09750,09/28/2025 20:50:20.633,cnhp_guest4,11/03/2025 21:51:24.985,cnhp_guest4
80,b6b41c9b-45e1-49fe-9450-2ea528cd8298,PERY,,10,yes,,01,Conps3.2-013,PERY_SR0005SH_021510_20250925-01,Every_5,Plants,,259,5000,PERY_Conps3.2-013,PERY,2e4310aa-dbc9-4b37-aa97-847603961544,09/28/2025 20:54:45.222,cnhp_guest4,11/03/2025 21:51:30.331,cnhp_guest4
81,83169156-66b2-479e-82a0-6c950bbe7a64,ERUM,ERUM,10,yes,,01,Conps3.2-018,ERUM_SR1520SH_021001_20251001-01,Every_5,Plants,,,,ERUM_Conps3.2-018,ERUM,b2bb8d20-fdd1-48c3-a07e-aadf0197c7d6,10/02/2025 01:42:41.139,cnhp_guest4,10/31/2025 17:53:23.555,cnhp_guest4
82,a000c496-6c6c-4644-a666-1c8386b40547,ERSP4,,10,yes,,01,CoNPS3.2-019,ERSP4_SR1520SH_021001_20251001-01,Every_5,Plants,,,,ERSP4_CoNPS3.2-019,ERSP4,b2bb8d20-fdd1-48c3-a07e-aadf0197c7d6,10/02/2025 01:42:41.139,cnhp_guest4,11/03/2025 21:45:53.756,cnhp_guest4
83,3abe1386-3088-408b-a4ac-a8542f5ba465,MOFI,,10,yes,,01,CoNPS3.2-020,MOFI_SR1520SH_021001_20251001-01,Every_5,Plants,,,,MOFI_CoNPS3.2-020,MOFI,b2bb8d20-fdd1-48c3-a07e-aadf0197c7d6,10/02/2025 01:42:41.139,cnhp_guest4,11/03/2025 21:46:24.112,cnhp_guest4
84,17956779-4c1d-4ba8-8e28-e1f55abb40af,PEVI3,,10,yes,,01,CoNPS3.2-021,PEVI3_SR1520SH_021001_20251001-01,20_percent,Plants,,,,PEVI3_CoNPS3.2-021,PEVI3,b2bb8d20-fdd1-48c3-a07e-aadf0197c7d6,10/02/2025 01:42:41.139,cnhp_guest4,10/31/2025 16:55:18.199,cnhp_guest4
85,afb21289-2d5d-4784-bdeb-2670147ecd0e,PEST2,,5,yes,,01,CoNPS3.2-022,PEST2_SR1520SH_021001_20251001-01,20_percent,Plants,,89,300,PEST2_CoNPS3.2-022,PEST2,b2bb8d20-fdd1-48c3-a07e-aadf0197c7d6,10/02/2025 01:42:41.139,cnhp_guest4,10/31/2025 16:56:36.951,cnhp_guest4
86,0638e3e9-ce48-4253-acd4-0f15d19aed4f,HEMU3,,10,yes,,01,CoNPS3.2-023,HEMU3_SR1520SH_021001_20251001-01,20_percent,Plants,,,,HEMU3_CoNPS3.2-023,HEMU3,b2bb8d20-fdd1-48c3-a07e-aadf0197c7d6,10/02/2025 01:42:41.139,cnhp_guest4,10/02/2025 01:42:41.139,cnhp_guest4
87,4e0d0c15-c426-43a5-b426-e3c3f25bd504,DAPA2,DAPA2,5,yes,,01,Conps3.2-024,DAPA2_SR0510VH_021203_20251008-01,Every_5,Plants,,84,1000,DAPA2_Conps3.2-024,DAPA2,58ef275c-25e0-4c5f-8b9b-d4016a5362c8,10/11/2025 23:12:01.883,cnhp_guest4,10/31/2025 17:52:55.709,cnhp_guest4
88,79477635-50c4-461b-8b68-45f5ec77e5e2,PEGL3,,8,yes,,01,Conps3.2-025,PEGL3_SR1015HU_021203_20251009-01,20_percent,Plants,,108,150,PEGL3_Conps3.2-025,PEGL3,774f8817-5b3d-4dc7-b019-d167420c131d,10/11/2025 23:13:21.368,cnhp_guest4,10/31/2025 16:53:48.184,cnhp_guest4
89,3525f95c-9368-4e63-a91e-51d886e764de,DAPA2,DAPA2,5,yes,,01,CoNPS3.2-026,DAPA2_SR0510HU_021203_20251011-01,20_percent,Plants,,,,DAPA2_CoNPS3.2-026,DAPA2,d42fd1b9-72d8-416c-867c-346910890513,10/11/2025 23:15:05.785,cnhp_guest4,10/31/2025 17:53:08.761,cnhp_guest4
90,6543bfde-424f-4c7d-931e-3c9ed8ffcf63,GETR,,10,yes,,01,CoNPS3.2-027,GETR_SR0510HU_021203_20251011-01,20_percent,Plants,,,,GETR_CoNPS3.2-027,GETR,d42fd1b9-72d8-416c-867c-346910890513,10/11/2025 23:15:05.785,cnhp_guest4,10/11/2025 23:15:05.785,cnhp_guest4
91,ffcff7f6-d26a-4c2c-9762-dc304cc27594,ERSU2,ERSU2,10,yes,,01,CoNPS3.2-028,ERSU2_SR0510HU_021203_20251011-01,20_percent,Plants,,,,ERSU2_CoNPS3.2-028,ERSU2,d42fd1b9-72d8-416c-867c-346910890513,10/11/2025 23:15:05.785,cnhp_guest4,12/03/2025 18:03:35.683,cnhp_guest4
92,59092ae8-a19a-4ea0-9632-a749fbf5ef9e,PEAL2,,8,yes,,01,CoNPS3.2-029,PEAL2_ST1520SA_021206_20251016-01,20_percent,Plants,,80,150,PEAL2_CoNPS3.2-029,PEAL2,4b78e9af-0123-462c-b02f-ee204fdf5109,10/19/2025 18:00:25.752,cnhp_guest4,10/19/2025 18:00:25.752,cnhp_guest4
93,37e2952e-4a56-48cb-ada4-7d203e68806f,SCSC,,10,yes,,01,CoNPS3.2-030,SCSC_ST1520SA_021206_20251018-01,Every_5,Plants,,694,3000,SCSC_Conps3.2-030,SCSC,c802482c-badf-4201-bacf-9ff6b4f731e0,10/20/2025 02:23:20.953,cnhp_guest4,11/03/2025 21:47:12.399,cnhp_guest4
94,7f492496-b8a5-4a15-aa97-53fc80dc243d,BOCU,,10,yes,,01,CoNPS3.2-031,BOCU_ST1520SA_021206_20251018-01,20_percent,Plants,,522,800,BOCU_CoNPS3.2-031,BOCU,c802482c-badf-4201-bacf-9ff6b4f731e0,10/20/2025 02:23:20.953,cnhp_guest4,10/20/2025 02:23:20.953,cnhp_guest4
95,1f9c75a7-7c77-4cc7-888b-c78feeddf9dc,SCSC,,10,yes,,02,CoNPS3.2-032,SCSC_ST1520SA_021206_20251018-02,Every_5,Plants,,50,300,SCSC_CoNPS3.2-032,SCSC,b8b45085-4345-4938-9878-c3a67d16306c,10/20/2025 02:23:24.421,cnhp_guest4,11/03/2025 21:50:34.048,cnhp_guest4
96,2eef2411-113f-4c06-9ae3-61c9584cfdca,LIPU,,10,yes,,01,CoNPS3.2-033,LIPU_ST1520SA_021206_20251018-01,20_percent,Plants,,288,400,LIPU_CoNPS3.2-033,LIPU,b8b45085-4345-4938-9878-c3a67d16306c,10/20/2025 02:23:24.421,cnhp_guest4,10/20/2025 02:23:24.421,cnhp_guest4
97,86b360ba-e4c8-4c0f-ae43-930fbd4c338f,BOCU,,10,yes,,02,CoNPS3.2-034,BOCU_ST1520SA_021206_20251018-02,20_percent,Plants,,451,1000,BOCU_CoNPS3.2-034,BOCU,b8b45085-4345-4938-9878-c3a67d16306c,10/20/2025 02:23:24.421,cnhp_guest4,10/20/2025 02:23:24.421,cnhp_guest4
98,4d5e255e-6282-41bd-a8e6-04c68a2e3512,SCSC,,9,yes,,01,CNHPY3.1-066,SCSC_ST1520SA_021207_20251019-01,Every_5,Plants,,380,2000,SCSC_CNHPY3.1-067,SCSC,1c092477-aa1a-4b31-9343-d21f7960062f,10/20/2025 19:24:23.979,cnhp_guest4,10/21/2025 17:50:00.975,cnhp_guest4
99,ef954511-0c16-4b6e-b0f2-4e096bbd6097,LIPU,,10,yes,,01,CNHPY3.1-062,LIPU_ST1520SH_021206_20251015-01,Every_5,Plants,,456,2280,LIPU_CNHPY3.1-062,LIPU,6e204c5b-f7f7-4130-9db8-3ce817b299f2,10/20/2025 19:27:01.639,cnhp_guest4,10/20/2025 19:27:01.639,cnhp_guest4
100,890c7cf3-8554-4074-a7bc-7315609de23a,BOCU,,10,yes,,01,CNHPY3.1-063,BOCU_ST1520SA_021206_20251016-01,Every_5,Plants,,1841,9205,BOCU_CNHPY3.1-063,BOCU,9a4f0012-213b-47fe-a213-217e9276e5ef,10/20/2025 19:27:02.999,cnhp_guest4,10/20/2025 19:27:02.999,cnhp_guest4
101,8925f377-3c83-451e-b334-b98fce052b69,SCSC,,10,yes,,01,CNHPY3.1-064,SCSC_ST1520SA_021206_20251017-01,Every_5,Plants,,477,2385,SCSC_CNHPY3.1-064,SCSC,277dd1d5-3d7b-48cc-8b67-b5b6d5611397,10/20/2025 19:27:04.396,cnhp_guest4,10/20/2025 19:27:04.396,cnhp_guest4
102,9767275d-3135-40bb-b956-86845789346e,SCSC,,10,yes,,02,CNHPY3.1-065,SCSC_ST1520SA_021206_20251017-02,Every_5,Plants,,700,4000,SCSC_CNHPY3.1-065,SCSC,a680d675-4df9-475a-a758-2440bccf82d9,10/20/2025 19:27:05.844,cnhp_guest4,10/20/2025 19:27:05.844,cnhp_guest4
103,5282d756-6119-48f3-8d01-55a95cf7e361,PEGL3,,6,yes,,01,CNHPY3.1-067,PEGL3_SR1015SH_021209_20251020-01,20_percent,Plants,,155,155,PEGL3_CNHPY3.1-066,PEGL3,491ebd59-6c13-4757-86aa-43fea7dc7403,10/20/2025 19:27:07.483,cnhp_guest4,10/31/2025 16:54:07.928,cnhp_guest4
