ObjectID,GlobalID,Target/Opportunistic Species,Other Species,Comments,Approximate Area of Population,Evidence of Disturbance/Damage,If Other Factor Please Specify,Approximate Number of Individual Plants Present and Accessible,Percent of Population in Vegetative Growth or Developing Flowers,Percent of Population Flowering,Percent of Population with Developing Seed,Percent of Population with Mature Seed,Percent of Population Post Seed-Dispersal,Select the Most Frequently Occurring Seed Type,Other Damage:,Estimated Number of Healthy Seeds per Fruit,Estimated Number of Fruits per Stem,Estimated Number of Stems per Individual Plant,Viability Calculation Result,Estimate the Number of Individual Plants at Natural Dispersal Stage,Are You Collecting Seeds on This Trip?,Primary Key,Species Hidden,ParentGlobalID,CreationDate,Creator,EditDate,Editor
3,d4ba20ba-ce35-4814-b6f0-5d6ff99f02b4,MOFI,,,5-10,"Seeded,Other",Histoical homestead,100,100,0,0,0,0,Immature,,4,112,5,44800,<50,yes,20250515_40.69806755-105.31482827,MOFI,51602033-e833-47e0-ab69-462d1cd01d4f,05/22/2025 15:15:12.900,cnhp_guest4,05/22/2025 15:15:12.900,cnhp_guest4
4,18271004-3f22-4cdd-b7b7-45eed71cd93d,CAINH2,,,1-5,No_Damage,,100,50,50,0,0,0,Immature,,1,7,3,420,<50,no,20250519_40.68238822-105.49039894,CAINH2,dae7f3ca-c709-4a2f-9a27-fce9080541b0,05/22/2025 15:15:15.797,cnhp_guest4,05/22/2025 15:15:15.797,cnhp_guest4
5,8170de84-5146-49ce-b450-6083bc48bbd8,HEPU3,,,1-5,No_Damage,,150,100,0,0,0,0,Immature,,1,0,0,0,<50,no,20250519_40.68238822-105.49039894,HEPU3,dae7f3ca-c709-4a2f-9a27-fce9080541b0,05/22/2025 15:15:15.797,cnhp_guest4,05/22/2025 15:15:15.797,cnhp_guest4
6,353fa5cb-b1a1-4eeb-a167-be2760e56474,PHHA,,,1-5,No_Damage,,75,100,0,0,0,0,Immature,,2,0,0,0,<50,no,20250519_40.68238822-105.49039894,PHHA,dae7f3ca-c709-4a2f-9a27-fce9080541b0,05/22/2025 15:15:15.797,cnhp_guest4,05/22/2025 15:15:15.797,cnhp_guest4
7,763cc166-2de1-4f7d-98e1-d8c8fad81f6d,ARTRV,,,1-5,Burnt,,100,100,0,0,0,0,Immature,,1,23,15,6900,<50,no,20250520_40.72065825-105.59649621,ARTRV,0dc4311a-02e0-453b-a5ee-6f95d496bf45,05/22/2025 15:15:17.926,cnhp_guest4,05/22/2025 15:15:17.926,cnhp_guest4
8,8e865411-6b40-4843-af4b-557eb58c5d69,MOFI,,,1-5,"Burnt,Other",Some invasives,200,100,0,0,0,0,Immature,,4,0,5,0,<50,no,20250520_40.72137355-105.592696,MOFI,9b210f72-c033-458f-a457-5f230164d167,05/22/2025 15:15:20.019,cnhp_guest4,05/22/2025 15:15:20.019,cnhp_guest4
9,6e8459eb-eb1a-4c4e-bd1a-de209affb297,GETR,,,1-5,Other,Pasture grasses,150,100,0,0,0,0,Immature,,1,88,2,5280,<50,no,20250520_40.77253631-105.54305576,GETR,07cdf99b-bda4-49e7-8341-1bb0404efa8f,05/22/2025 15:15:21.746,cnhp_guest4,05/22/2025 15:15:21.746,cnhp_guest4
10,2e2c47af-04dd-458e-843f-36e843e606a2,MOFI,,,1-5,No_Damage,,350,100,0,0,0,0,Immature,,4,0,5,0,<50,no,20250520_40.76063685-105.54283788,MOFI,0bf60bf6-b989-42ea-b722-8a3c3a90e661,05/22/2025 15:15:23.293,cnhp_guest4,05/22/2025 15:15:23.293,cnhp_guest4
11,f09292e6-894a-4ddf-9c20-b735a5c4e088,POFE,,,5-10,Grazed_Domestic,,750,50,50,0,0,0,Immature,,1,96,2,28800,<50,no,20250521_40.71101168-105.41141078,POFE,eaf90d57-2439-4580-ac47-80931d7dcefd,05/22/2025 15:15:24.931,cnhp_guest4,05/22/2025 15:15:24.931,cnhp_guest4
12,a467b407-bffe-4f09-a1bd-b687881dc94e,CAINH2,,,5-10,Grazed_Domestic,,5000,75,25,0,0,0,Immature,,1,0,0,0,<50,no,20250521_40.71101168-105.41141078,CAINH2,eaf90d57-2439-4580-ac47-80931d7dcefd,05/22/2025 15:15:24.931,cnhp_guest4,05/22/2025 15:15:24.931,cnhp_guest4
13,942dfca3-6afb-451d-98d5-25b1b8f8978f,POSE,,,5-10,Grazed_Domestic,,5000,50,50,0,0,0,Immature,,1,74,4,296000,<50,no,20250521_40.71101168-105.41141078,POSE,eaf90d57-2439-4580-ac47-80931d7dcefd,05/22/2025 15:15:24.931,cnhp_guest4,05/22/2025 15:15:24.931,cnhp_guest4
14,f5106edc-d0f5-4df5-aaba-4e46e444f264,PUTR2,,,10-40,Grazed_Domestic,,100,5,95,0,0,0,Immature,,1,0,0,0,<50,no,20250521_40.71325347-105.37578144,PUTR2,cbd1ebc0-6655-4b7d-b453-1a8571411a83,05/22/2025 15:15:27.015,cnhp_guest4,05/22/2025 15:15:27.015,cnhp_guest4
15,d56724dd-c654-4fee-991c-a90c3b18d2b5,PENST,,,5-10,Other,"Some invasives, camping",250,0,100,0,0,0,Immature,,0,0,0,0,<50,no,20250521_40.80394735-104.46093109,PENST,5ebdf0f3-38bf-445c-aafc-5ea102762f28,05/22/2025 15:15:28.756,cnhp_guest4,05/22/2025 15:15:28.756,cnhp_guest4
16,66540a87-c4eb-4530-a13b-62fb217527a5,HEPU3,,,1-5,Other,Invasives/non natives,100,100,0,0,0,0,Immature,,1,0,0,0,<50,no,20250519_40.68460133-105.34985728,HEPU3,1fd73c76-1c5b-4f2a-a6b3-080071fd10de,05/22/2025 15:24:16.662,cnhp_guest4,05/22/2025 15:24:16.662,cnhp_guest4
17,2ed6ce62-5e59-4112-8b58-d005ddfa8b05,POSE,,,5-10,Grazed_Wildlife,,500,90,5,5,0,0,Immature,,1,74,4,29600,<50,no,20250519_40.66204975-105.56969484,POSE,c6edc621-17a8-42c6-ab16-b70beb22d24d,05/22/2025 15:24:18.893,cnhp_guest4,05/22/2025 15:24:18.893,cnhp_guest4
18,496675e3-a8fe-4f77-9c68-98167766662f,POSE,,,5-10,No_Damage,,1000,92,5,3,0,0,Immature,,1,74,4,59200,<50,no,20250519_40.69622037-105.52623455,POSE,038638bb-9d8a-4ece-8ef3-8ce23a15b775,05/22/2025 15:24:20.850,cnhp_guest4,05/22/2025 15:24:20.850,cnhp_guest4
19,1f893282-c344-488f-a11b-4c42f8bd23a5,HEPU3,,,1-5,No_Damage,,100,100,0,0,0,0,Immature,,1,0,0,0,<50,no,20250519_40.69622037-105.52623455,HEPU3,038638bb-9d8a-4ece-8ef3-8ce23a15b775,05/22/2025 15:24:20.850,cnhp_guest4,05/22/2025 15:24:20.850,cnhp_guest4
20,ba68bc8e-a60c-4ce8-8a6e-703b61dd121b,PHHA,,,1-5,No_Damage,,10,100,0,0,0,0,Immature,,2,0,0,0,<50,no,20250519_40.69622037-105.52623455,PHHA,038638bb-9d8a-4ece-8ef3-8ce23a15b775,05/22/2025 15:24:20.850,cnhp_guest4,05/22/2025 15:24:20.850,cnhp_guest4
21,0015cf66-d8ba-44f9-a19f-552b6b4ee873,LIPU,,,1-5,No_Damage,,15,100,0,0,0,0,Immature,,1,31,5,465,<50,no,20250519_40.69622037-105.52623455,LIPU,038638bb-9d8a-4ece-8ef3-8ce23a15b775,05/22/2025 15:24:20.850,cnhp_guest4,05/22/2025 15:24:20.850,cnhp_guest4
22,4d4bd3c6-4908-4165-9fa6-3f00781d2e8f,PENST,,,1-5,No_Damage,,300,100,0,0,0,0,Immature,,0,0,0,0,<50,no,20250519_40.69622037-105.52623455,PENST,038638bb-9d8a-4ece-8ef3-8ce23a15b775,05/22/2025 15:24:20.850,cnhp_guest4,05/22/2025 15:24:20.850,cnhp_guest4
23,6749eb92-1de0-4a3a-b4d3-1d443275f3f0,HEPU3,,,1-5,"Other,Burnt",Cheatgrass presence high,100,100,0,0,0,0,Immature,,1,0,0,0,<50,no,20250520_40.72171357-105.59281086,HEPU3,8adb227c-f9d4-4f4b-813e-26c4fb528767,05/22/2025 15:24:22.688,cnhp_guest4,09/09/2025 17:34:16.126,cnhp_guest4
24,13709e25-cb26-4986-bfe8-9a163791bdad,PHHA,,,1-5,"Other,Burnt",Cheatgrass presence high,75,100,0,0,0,0,Immature,,2,0,0,0,<50,no,20250520_40.72171357-105.59281086,PHHA,8adb227c-f9d4-4f4b-813e-26c4fb528767,05/22/2025 15:24:22.688,cnhp_guest4,09/09/2025 17:34:16.126,cnhp_guest4
25,8f8ffb86-9a4d-479f-92e7-9370d802e20c,ARTRV,,,0-1,No_Damage,,200,100,0,0,0,0,Immature,,1,23,15,13800,<50,no,20250520_40.78101644-105.56056216,ARTRV,534c82a8-f660-4e95-adbb-c9ce24f15370,05/22/2025 15:24:24.793,cnhp_guest4,05/22/2025 15:24:24.793,cnhp_guest4
26,221265be-6d74-49c6-beb8-e5a235cbc13c,POSE,,,1-5,No_Damage,,1000,2,1,0,0,0,Immature,,1,74,4,59200,<50,no,20250520_40.77417479-105.5416663,POSE,d1a9cc32-a7b0-42d0-9055-a406bc9f29b7,05/22/2025 15:24:26.264,cnhp_guest4,05/22/2025 15:24:26.264,cnhp_guest4
27,72fd079a-8f21-4139-8a14-c9293177c1ef,POSE,,,0-1,Other,Minor cheatgrass presence,500,50,50,0,0,0,Immature,,1,74,4,29600,<50,no,20250521_40.7140063-105.38955499,POSE,436e0a92-957c-42f2-8407-3ba92524aaa2,05/22/2025 15:24:27.835,cnhp_guest4,05/22/2025 15:24:27.835,cnhp_guest4
28,0dcaf7bb-9934-44e4-aeaa-43662caed3d8,KOMA,,,0-1,Other,Tire tracks going up hill,65,85,15,0,0,0,Immature,,1,32,5,2080,<50,no,20250529_40.81315574-104.56175734,KOMA,f7b753ae-6750-46dc-94ce-5e70caadbc60,06/05/2025 18:31:41.560,cnhp_guest7,06/05/2025 18:31:41.560,cnhp_guest7
29,5bc3aa61-ae80-4c02-bdda-8b545095ca11,KOMA,,,1-5,No_Damage,,100,75,25,0,0,0,Immature,,1,32,5,3200,<50,no,20250529_40.75896001-104.46714864,KOMA,9ddaebf6-e3b5-4f54-9d0a-ffb4cd9c035d,06/05/2025 18:31:44.172,cnhp_guest7,06/05/2025 18:31:44.172,cnhp_guest7
30,26d583ba-dc4e-44b3-ad28-fc2289a03941,DASP2,,,0-1,No_Damage,,120,100,0,0,0,0,Immature,,0,0,0,0,<50,no,20250602_40.95158189-105.58315843,DASP2,d929bc08-9889-40e5-80f6-8b96582b1cd5,06/05/2025 18:31:46.004,cnhp_guest7,06/05/2025 18:31:46.004,cnhp_guest7
31,6db83725-396f-4b70-9404-be73da76815f,ACNE9,,,1-5,No_Damage,,75,100,0,0,0,0,Immature,,1,29,3,1305,<50,no,20250602_40.95085519-105.64267243,ACNE9,d0c6c5fd-b3c3-4ded-b3da-394003ff7f4c,06/05/2025 18:31:47.610,cnhp_guest7,06/05/2025 18:31:47.610,cnhp_guest7
32,a2b24226-ce82-40bd-b978-ebd89774b23d,ARTRV,,,5-10,Timber_Harvest,,1000,100,0,0,0,0,Immature,,1,23,15,69000,<50,no,20250603_40.9622845-105.52011072,ARTRV,dfbb6310-4d1b-4723-be0d-63a5eab1bd6d,06/05/2025 18:31:49.875,cnhp_guest7,06/05/2025 18:31:49.875,cnhp_guest7
33,71e4a31d-e376-40ea-9add-8b8a5bcd6d56,PUTR2,,,5-10,Timber_Harvest,,400,50,50,0,0,0,Immature,,1,0,0,0,<50,no,20250603_40.9622845-105.52011072,PUTR2,dfbb6310-4d1b-4723-be0d-63a5eab1bd6d,06/05/2025 18:31:49.875,cnhp_guest7,06/05/2025 18:31:49.875,cnhp_guest7
34,26d283fa-dd5d-446d-998b-921044db893d,ARTRV,,,5-10,No_Damage,,1500,100,0,0,0,0,Immature,,1,23,15,103500,<50,no,20250603_40.94374235-105.52019922,ARTRV,65825989-6bb9-4cd2-a437-394b41b827e9,06/05/2025 18:31:51.581,cnhp_guest7,06/05/2025 18:31:51.581,cnhp_guest7
35,0b1e524c-773c-4f3e-8c5e-b3b2ca219dad,PUTR2,,,5-10,No_Damage,,1000,30,70,0,0,0,Immature,,1,0,0,0,<50,no,20250603_40.94374235-105.52019922,PUTR2,65825989-6bb9-4cd2-a437-394b41b827e9,06/05/2025 18:31:51.581,cnhp_guest7,06/05/2025 18:31:51.581,cnhp_guest7
36,ea9f32f1-320b-4043-bdd1-9dbf759fc545,MOFI,,,1-5,No_Damage,,600,100,0,0,0,0,Immature,,4,0,5,0,<50,no,20250604_40.45888174-105.35601814,MOFI,f8207573-634c-4c7b-82e9-8e25815f25fa,06/05/2025 18:31:53.387,cnhp_guest7,06/05/2025 18:31:53.387,cnhp_guest7
37,3c7ee344-5708-4686-90d4-9c1fc28c68e9,KOMA,,,0-1,No_Damage,,65,80,20,0,0,0,Immature,,1,32,5,2080,<50,no,20250529_40.81507708-104.56349408,KOMA,9b0a01af-781f-4ea4-af73-c121401e0baa,06/05/2025 19:25:30.049,cnhp_guest4,06/05/2025 19:25:30.049,cnhp_guest4
38,7467cefd-f0a6-4bf3-97ae-ada80d28a658,PENST,,,5-10,No_Damage,,250,10,90,0,0,0,Immature,,7,8,2,5600,<50,no,20250529_40.81507708-104.56349408,PENST,9b0a01af-781f-4ea4-af73-c121401e0baa,06/05/2025 19:25:30.049,cnhp_guest4,06/05/2025 19:25:30.049,cnhp_guest4
39,6808b1eb-f285-42b1-8499-2626ebad71bd,PEAL2,,,5-10,No_Damage,,150,10,90,0,0,0,Immature,,30,25,4,90000,<50,no,20250529_40.81507708-104.56349408,PEAL2,9b0a01af-781f-4ea4-af73-c121401e0baa,06/05/2025 19:25:30.049,cnhp_guest4,06/05/2025 19:25:30.049,cnhp_guest4
40,11ec8f31-dadf-4130-9f86-06c896a6331c,NAVI4,,,1-5,Grazed_Domestic,,35,90,5,5,0,0,Immature,,1,88,4,2464,<50,no,20250530_40.84858257-103.65578053,NAVI4,51c8074f-0fc6-4a67-a6c8-3eb98922208e,06/05/2025 19:25:32.054,cnhp_guest4,06/05/2025 19:25:32.054,cnhp_guest4
41,3d0a9d8e-9230-4092-9c7c-36a09f352cf9,NAVI4,,,1-5,No_Damage,,250,95,5,0,0,0,Immature,,1,88,4,17600,<50,no,20250530_40.86580751-103.66569954,NAVI4,4c554f56-fe10-4d33-82de-5c1b35ce6a98,06/05/2025 19:25:33.651,cnhp_guest4,06/05/2025 19:25:33.651,cnhp_guest4
42,65128567-51c5-4cf3-945b-d63d5e33659c,ARTRV,,,1-5,Seeded,,300,100,0,0,0,0,Immature,,1,23,15,20700,<50,no,20250602_40.94629696-105.57652978,ARTRV,7f4ef7f7-4d60-4a50-a5a0-344371144d13,06/05/2025 19:25:35.442,cnhp_guest4,06/05/2025 19:25:35.442,cnhp_guest4
43,e6938ab8-1f9a-4ae2-ba18-acf06d4ff5b1,DASP2,,,5-10,No_Damage,,350,100,0,0,0,0,Immature,,0,0,0,0,<50,no,20250602_40.92388822-105.59444088,DASP2,46f269f2-425d-4685-9210-33a571064c3f,06/05/2025 19:25:37.157,cnhp_guest4,06/05/2025 19:25:37.157,cnhp_guest4
44,672713fa-f160-4891-b9b3-97df7f101b18,ARTRV,,,5-10,No_Damage,,1000,100,0,0,0,0,Immature,,1,23,15,69000,<50,no,20250602_40.92388822-105.59444088,ARTRV,46f269f2-425d-4685-9210-33a571064c3f,06/05/2025 19:25:37.157,cnhp_guest4,06/05/2025 19:25:37.157,cnhp_guest4
45,0fb2b28a-9a7f-4915-8b62-3dd9f1063320,POFE,,,5-10,Timber_Harvest,,500,20,80,0,0,0,Immature,,1,0,0,0,<50,no,20250603_40.96330114-105.5203237,POFE,64adff94-533d-4aff-ac5f-bc7dc4a02cf3,06/05/2025 19:25:39.262,cnhp_guest4,06/05/2025 19:25:39.262,cnhp_guest4
46,884ab157-4446-4764-b80a-84f7e9ad7113,MOFI,,,0-1,No_Damage,,250,100,0,0,0,0,Immature,,4,0,5,0,<50,no,20250603_40.96944123-105.52704307,MOFI,359ce0e6-2fe9-46a6-9b24-f55c18e3358d,06/05/2025 19:25:41.008,cnhp_guest4,06/05/2025 19:25:41.008,cnhp_guest4
47,69885610-3717-4e04-bb27-b3a69b323ae6,PUTR2,,,1-5,Timber_Harvest,,100,98,2,0,0,0,Immature,,1,0,0,0,<50,no,20250603_40.96776097-105.52838354,PUTR2,570b6513-f7d3-4c84-8a96-60f8d88452a4,06/05/2025 19:25:43.247,cnhp_guest4,06/05/2025 19:25:43.247,cnhp_guest4
48,5ebb0244-cd49-4340-a027-7be0c1ddd632,POSE,,,1-5,No_Damage,,1000,95,5,0,0,0,Immature,,1,74,4,59200,<50,no,20250603_40.94375637-105.51946656,POSE,804349dc-4cb8-47c4-bbcd-450aeeb62fa0,06/05/2025 19:25:45.118,cnhp_guest4,06/05/2025 19:25:45.118,cnhp_guest4
49,60a53ddf-aa3d-4cf6-b8d9-f73b20d1f033,KOMA,,,1-5,No_Damage,,75,100,0,0,0,0,Immature,,1,32,5,2400,<50,no,20250603_40.94375637-105.51946656,KOMA,804349dc-4cb8-47c4-bbcd-450aeeb62fa0,06/05/2025 19:25:45.118,cnhp_guest4,06/05/2025 19:25:45.118,cnhp_guest4
50,2bceb8fb-fbe9-44fe-8b9e-90b1e4049fe0,ACNE9,,,0-1,No_Damage,,60,100,0,0,0,0,Immature,,1,29,3,1044,<50,no,20250603_40.95497584-105.73795186,ACNE9,2b607a3e-1d25-4fbe-ab15-18fede4792bb,06/05/2025 19:25:47.095,cnhp_guest4,06/05/2025 19:25:47.095,cnhp_guest4
51,aa0d0ad4-2218-4e84-ab98-db674e205b22,NAVI4,,,5-10,Burnt,,600,95,5,0,0,0,Immature,,1,88,4,21120,<50,no,20250604_40.44248291-105.38093679,NAVI4,121cf461-7d28-45bf-aa77-c71f24d0b72e,06/05/2025 19:25:49.504,cnhp_guest4,06/05/2025 19:25:49.504,cnhp_guest4
52,dbc78544-af3b-4b05-b754-a86c8b90b0c8,CAINH2,,,1-5,Other,Invasives adjacent,1000,92,3,5,0,0,Immature,,1,0,0,0,<50,no,20250604_40.44134614-105.3813204,CAINH2,b4b3566d-138c-4d3f-9d1a-caf1204937d7,06/05/2025 19:25:52.215,cnhp_guest4,06/05/2025 19:25:52.215,cnhp_guest4
53,62e68a3c-b0cb-4a2c-9f2b-f0612cdfb6ce,CAINH2,,,0-1,No_Damage,,750,90,2,3,5,0,Healthy,,1,0,0,0,>50,yes,20250604_40.45630055-105.42423453,CAINH2,a100dd78-dec7-4e6e-8a3b-2c376896bcf9,06/05/2025 19:25:54.209,cnhp_guest4,06/05/2025 19:25:54.209,cnhp_guest4
54,c198df3b-333f-42ce-811d-ee2ee91a80aa,GETR,,,5-10,No_Damage,,1200,5,95,0,0,0,Immature,,1,88,2,42240,<50,no,20250610_42.5828634-108.76530212,GETR,326e70dc-eae0-4895-b5ba-88f0a5c6c734,06/17/2025 15:52:41.651,cnhp_guest7,06/17/2025 15:52:41.651,cnhp_guest7
55,6c257c35-2d8e-405b-9cd0-aece2cb1fd07,ARTRV,,,5-10,No_Damage,,300,100,0,0,0,0,Immature,,1,23,15,20700,<50,no,20250610_42.5828634-108.76530212,ARTRV,326e70dc-eae0-4895-b5ba-88f0a5c6c734,06/17/2025 15:52:41.651,cnhp_guest7,06/17/2025 15:52:41.651,cnhp_guest7
56,1b247d17-2c3d-4689-a97e-a999cd14f775,POSE,,,1-5,No_Damage,,350,100,0,0,0,0,Immature,,1,74,4,20720,<50,no,20250611_42.72506237-108.8551485,POSE,2e58d324-5641-4f66-9cb9-980d7b8ce063,06/17/2025 15:52:50.091,cnhp_guest7,06/17/2025 15:52:50.091,cnhp_guest7
57,85dfaaf8-88a7-4ea1-9056-d30eb0bca2f8,ARTRW8,,,5-10,Other,Invasives,150,100,0,0,0,0,Immature,,1,23,15,10350,<50,no,20250611_42.73119987-108.8565137,ARTRW8,953a796e-cf2b-42d4-b36b-ab4335ae1e2e,06/17/2025 15:52:55.646,cnhp_guest7,06/17/2025 15:52:55.646,cnhp_guest7
58,461fa2c9-c851-401c-a319-619f25be49ba,POSE,,,5-10,Other,Invasives,2000,30,60,10,0,0,Immature,,1,74,4,118400,<50,no,20250611_42.73119987-108.8565137,POSE,953a796e-cf2b-42d4-b36b-ab4335ae1e2e,06/17/2025 15:52:55.646,cnhp_guest7,06/17/2025 15:52:55.646,cnhp_guest7
59,62f0fae8-40f5-43a0-a83f-c3cf07d13460,GETR,,,1-5,No_Damage,,2500,40,55,5,0,0,Immature,,1,88,2,88000,<50,no,20250611_42.5240416-108.79152161,GETR,a329bd88-0c96-4988-a7c7-44669df9c4ae,06/17/2025 15:53:02.220,cnhp_guest7,06/17/2025 15:53:02.220,cnhp_guest7
60,2a78849d-af72-456d-8781-5c7aff8a2daa,DECE,,,0-1,No_Damage,,350,100,0,0,0,0,Immature,,1,29,6,12180,<50,no,20250613_43.66412897-109.62970078,DECE,d301da45-552e-4ec8-a0f0-ded09e7e59f2,06/17/2025 15:53:14.919,cnhp_guest7,06/17/2025 15:53:14.919,cnhp_guest7
61,712d7698-c511-4b72-ae00-288883f404e5,GETR,,,0-1,No_Damage,,75,40,55,5,0,0,Immature,,1,88,2,2640,<50,no,20250613_43.66412897-109.62970078,GETR,d301da45-552e-4ec8-a0f0-ded09e7e59f2,06/17/2025 15:53:14.919,cnhp_guest7,06/17/2025 15:53:14.919,cnhp_guest7
62,a58b40b3-0be0-417d-9fa1-c46f59227f5c,DECE,,,1-5,No_Damage,,350,100,0,0,0,0,Immature,,1,29,6,12180,<50,no,20250613_43.68923255-109.63170027,DECE,bd3c4307-96e2-4f52-bbe5-c793528824d6,06/17/2025 15:53:23.440,cnhp_guest7,06/17/2025 15:53:23.440,cnhp_guest7
63,905b055e-dcb0-4fe1-ba59-38663c05b28e,ARTRV,,,1-5,No_Damage,,300,100,0,0,0,0,Immature,,1,23,15,20700,<50,no,20250613_43.68923255-109.63170027,ARTRV,bd3c4307-96e2-4f52-bbe5-c793528824d6,06/17/2025 15:53:23.440,cnhp_guest7,06/17/2025 15:53:23.440,cnhp_guest7
64,7d6f75e3-9393-4931-83c8-c041b75dc2d9,DECE,,,5-10,"Grazed_Domestic,Grazed_Wildlife",,500,100,0,0,0,0,Immature,,1,29,6,17400,<50,no,20250613_43.67559426-109.60785292,DECE,32f1d8cd-8b68-4216-8ead-4c231a76193c,06/17/2025 15:53:29.240,cnhp_guest7,06/17/2025 15:53:29.240,cnhp_guest7
65,b7f1e42b-1971-4b61-a37c-35fb7111af59,ARTRV,,,5-10,Grazed_Domestic,,1000,100,0,0,0,0,Immature,,1,23,15,69000,<50,no,20250613_43.67559426-109.60785292,ARTRV,32f1d8cd-8b68-4216-8ead-4c231a76193c,06/17/2025 15:53:29.240,cnhp_guest7,06/17/2025 15:53:29.240,cnhp_guest7
66,fd2cc965-1374-4bef-834f-2cd9f356d8f5,POSE,,,1-5,Burnt,,65,20,70,10,0,0,Immature,,1,74,4,3848,<50,no,20250613_43.71357213-109.58135664,POSE,0272d131-8aba-46f9-a4c8-95b17b8971c3,06/17/2025 15:53:30.913,cnhp_guest7,06/17/2025 15:53:30.913,cnhp_guest7
67,1e52bb8c-bb75-457d-98f3-b13104952e3b,GETR,,,1-5,No_Damage,,200,40,60,0,0,0,Immature,,1,88,2,7040,<50,no,20250613_43.71357213-109.58135664,GETR,0272d131-8aba-46f9-a4c8-95b17b8971c3,06/17/2025 15:53:30.913,cnhp_guest7,06/17/2025 15:53:30.913,cnhp_guest7
68,026e6988-7fe2-453d-8c4d-be01794bf20f,DECE,,,1-5,No_Damage,,300,100,0,0,0,0,Immature,,1,29,6,10440,<50,no,20250613_43.71357213-109.58135664,DECE,0272d131-8aba-46f9-a4c8-95b17b8971c3,06/17/2025 15:53:30.913,cnhp_guest7,06/17/2025 15:53:30.913,cnhp_guest7
69,c019bbe8-3627-43e0-8efb-b6a9a424c3fb,PEPR2,,,0-1,No_Damage,,75,100,0,0,0,0,Immature,,0,0,0,0,<50,no,20250613_43.70007994-109.58030385,PEPR2,51a2c8ce-592d-43a0-a970-9a498b717c6f,06/17/2025 15:53:33.373,cnhp_guest7,06/17/2025 15:53:33.373,cnhp_guest7
70,05b81333-7743-4f54-8a57-ab30f42cf0c8,GETR,,,0-1,No_Damage,,150,60,40,0,0,0,Immature,,1,88,2,5280,<50,no,20250613_43.70007994-109.58030385,GETR,51a2c8ce-592d-43a0-a970-9a498b717c6f,06/17/2025 15:53:33.373,cnhp_guest7,06/17/2025 15:53:33.373,cnhp_guest7
71,566f5215-4fcc-4f43-b30b-2619c898bddc,DECE,,,0-1,No_Damage,,125,100,0,0,0,0,Immature,,1,29,6,4350,<50,no,20250613_43.70007994-109.58030385,DECE,51a2c8ce-592d-43a0-a970-9a498b717c6f,06/17/2025 15:53:33.373,cnhp_guest7,06/17/2025 15:53:33.373,cnhp_guest7
72,3a2f0ea6-3e9b-4645-869f-88fc45d49e60,PEPR2,,,1-5,No_Damage,,180,65,35,0,0,0,Immature,,0,0,0,0,<50,no,20250613_43.68820266-109.61634844,PEPR2,5144986c-d713-4934-9cdd-a38a0e508ee7,06/17/2025 15:53:38.422,cnhp_guest7,06/17/2025 15:53:38.422,cnhp_guest7
73,098ccf0c-834e-43bb-bb8f-32b08e6cdf02,GETR,,,1-5,No_Damage,,80,35,65,0,0,0,Immature,,1,88,2,2816,<50,no,20250613_43.68820266-109.61634844,GETR,5144986c-d713-4934-9cdd-a38a0e508ee7,06/17/2025 15:53:38.422,cnhp_guest7,06/17/2025 15:53:38.422,cnhp_guest7
74,1b71af0f-6b72-4787-bf18-d974da12eafc,POSE,,,10-40,Timber_Harvest,,5000,15,80,5,0,0,Immature,,1,74,4,296000,<50,no,20250614_43.54042839-109.74673886,POSE,d2930bf6-66f4-491a-87c9-50309f2c88fc,06/17/2025 15:53:42.233,cnhp_guest7,06/17/2025 15:53:42.233,cnhp_guest7
75,e57d2c00-a940-4d1d-9aee-2d35f7211852,GETR,,,10-40,No_Damage,,7000,60,40,0,0,0,Immature,,1,88,2,123200,<50,no,20250614_43.56320163-109.81241897,GETR,be6da536-ccd1-45fe-99ec-31a0829145a2,06/17/2025 15:53:43.997,cnhp_guest7,06/17/2025 15:53:43.997,cnhp_guest7
76,c6a3ca41-718a-435c-9ebe-5acaf1a39f41,PEPR2,,,5-10,No_Damage,,400,65,35,0,0,0,Immature,,0,0,0,0,<50,no,20250614_43.56320163-109.81241897,PEPR2,be6da536-ccd1-45fe-99ec-31a0829145a2,06/17/2025 15:53:43.997,cnhp_guest7,06/17/2025 15:53:43.997,cnhp_guest7
77,42e5f251-839c-4cee-a5d9-21bae147032a,PEPR2,,,1-5,No_Damage,,250,95,5,0,0,0,Immature,,0,0,0,0,<50,no,20250614_43.57089203-109.88997151,PEPR2,17f07652-d467-4963-b68b-8544ba5b53c8,06/17/2025 15:53:47.790,cnhp_guest7,06/17/2025 15:53:47.790,cnhp_guest7
78,b0bc16e8-23af-4e1f-9c63-16ab2fa594c8,DECE,,,1-5,Burnt,,800,90,10,0,0,0,Immature,,1,29,6,27840,<50,no,20250614_43.61412548-109.96991527,DECE,4dca30a9-acec-4bee-9a04-070ad4eea5e6,06/17/2025 15:53:50.570,cnhp_guest7,06/17/2025 15:53:50.570,cnhp_guest7
79,71e83775-bc81-45e0-ae24-57236c3e491b,POSE,,,1-5,Burnt,,80,100,0,0,0,0,Immature,,1,74,4,4736,<50,no,20250614_43.61412548-109.96991527,POSE,4dca30a9-acec-4bee-9a04-070ad4eea5e6,06/17/2025 15:53:50.570,cnhp_guest7,06/17/2025 15:53:50.570,cnhp_guest7
80,570ae88a-048c-4601-b492-af850ecc775d,POSE,,,1-5,Other,It appears that the sage brush in parts of this area was removed a long time ago.,200,5,10,85,0,0,Immature,,1,74,4,11840,<50,no,20250615_43.63892446-109.92734408,POSE,e2f6b35e-916a-4f9c-92f1-ea4363729f62,06/17/2025 15:53:53.271,cnhp_guest7,06/17/2025 15:53:53.271,cnhp_guest7
81,a9d0afbb-4e22-4253-8eb2-f39f50cba959,PEPR2,,,1-5,No_Damage,,600,20,80,0,0,0,Immature,,0,0,0,0,<50,no,20250615_43.65627847-109.93618302,PEPR2,583bfea0-1cc4-4f74-9aca-6d2c62dde963,06/17/2025 15:53:55.895,cnhp_guest7,08/12/2025 16:07:08.605,cnhp_guest7
82,a24d6da7-6f79-4161-8a70-903e015c75c6,GETR,,,1-5,No_Damage,,250,70,20,10,0,0,Immature,,1,88,2,8800,<50,no,20250615_43.65627847-109.93618302,GETR,583bfea0-1cc4-4f74-9aca-6d2c62dde963,06/17/2025 15:53:55.895,cnhp_guest7,08/12/2025 16:07:08.605,cnhp_guest7
83,752d908b-67f0-4763-abb4-2543a079317a,ARTRW8,,,5-10,No_Damage,,2000,100,0,0,0,0,Immature,,1,23,15,138000,<50,no,20250615_43.65627847-109.93618302,ARTRW8,583bfea0-1cc4-4f74-9aca-6d2c62dde963,06/17/2025 15:53:55.895,cnhp_guest7,08/12/2025 16:07:08.605,cnhp_guest7
84,f5c85355-addc-49c0-8337-77e68f0b5d20,PEPR2,,,1-5,Other,Dandelion invasion,300,95,5,0,0,0,Immature,,0,0,0,0,<50,no,20250615_43.67182005-109.93532983,PEPR2,53daafd8-6db6-4227-ae97-296cd5c8f924,06/17/2025 15:53:58.796,cnhp_guest7,06/17/2025 15:53:58.796,cnhp_guest7
85,38157b38-3bac-4eab-a4c5-fa8da02dc812,GETR,,,10-40,No_Damage,,5000,60,20,20,0,0,Immature,,1,88,2,176000,<50,no,20250615_43.65645558-109.85339097,GETR,79f670d7-6b13-4e0f-a9ac-eceb9ed04bdf,06/17/2025 15:54:01.981,cnhp_guest7,06/17/2025 15:54:01.981,cnhp_guest7
86,b7212589-24cd-4b80-9d26-f98c37f6f45f,PEPR2,,,5-10,No_Damage,,100,50,50,0,0,0,Immature,,0,0,0,0,<50,no,20250615_43.65645558-109.85339097,PEPR2,79f670d7-6b13-4e0f-a9ac-eceb9ed04bdf,06/17/2025 15:54:01.981,cnhp_guest7,06/17/2025 15:54:01.981,cnhp_guest7
87,e7d17d06-adbf-4c32-8ec9-a924f6df61d7,PEPR2,,,5-10,No_Damage,,250,100,0,0,0,0,Immature,,0,0,0,0,<50,no,20250615_43.71343537-109.96688157,PEPR2,26355d4a-63b3-4b44-9e23-5edd070d9854,06/17/2025 15:54:03.764,cnhp_guest7,06/17/2025 15:54:03.764,cnhp_guest7
88,5182a653-d2c7-4334-9edb-248b8be664cf,CAINH2,,,5-10,Burnt,,200,15,10,15,75,0,Healthy,,1,5,3,600,>50,yes,20250616_42.21952494-105.32919766,CAINH2,070209f8-819d-4cf2-9887-45922c23c0fb,06/17/2025 15:54:05.842,cnhp_guest7,06/17/2025 15:54:05.842,cnhp_guest7
89,43e1b30c-8a32-4b48-96b5-a1967241dc4f,POSE,,,40-100,No_Damage,,750,100,0,0,0,0,Immature,,1,74,4,44400,<50,no,20250610_42.56591404-108.70559329,POSE,853edce9-cf20-4cdc-a6ed-0c6992af699a,06/17/2025 15:59:35.047,cnhp_guest7,06/17/2025 15:59:35.047,cnhp_guest7
90,9b1819fb-bc08-43e4-8fac-064b0d75d9a2,GETR,,,1-5,No_Damage,,1500,70,30,0,0,0,Immature,,1,88,2,52800,<50,no,20250611_42.56179408-108.8271954,GETR,ab6161fb-8a62-4497-8bbe-73ecd3be5f89,06/17/2025 15:59:36.893,cnhp_guest7,06/17/2025 15:59:36.893,cnhp_guest7
91,c343da45-280b-4220-8d83-869d7edc35a1,DECE,,,1-5,No_Damage,,150,100,0,0,0,0,Immature,,1,29,6,5220,<50,no,20250611_42.56179408-108.8271954,DECE,ab6161fb-8a62-4497-8bbe-73ecd3be5f89,06/17/2025 15:59:36.893,cnhp_guest7,06/17/2025 15:59:36.893,cnhp_guest7
92,b4b17f8e-241f-47b1-84ba-1a8cd8bd1853,POSE,,,1-5,No_Damage,,300,95,5,0,0,0,Immature,,1,74,4,14800,<50,no,20250611_42.54790371-108.80851646,POSE,1f5cd0bd-a4e9-4c54-acaf-efd8a944d78c,06/17/2025 15:59:38.510,cnhp_guest7,06/17/2025 15:59:38.510,cnhp_guest7
93,2a3921c5-7567-4623-9c56-53fcccbc77aa,GETR,,,1-5,No_Damage,,100,30,70,0,0,0,Immature,,1,88,2,3520,<50,no,20250611_42.54790371-108.80851646,GETR,1f5cd0bd-a4e9-4c54-acaf-efd8a944d78c,06/17/2025 15:59:38.510,cnhp_guest7,06/17/2025 15:59:38.510,cnhp_guest7
94,eb59bd95-8496-4c3b-a0a4-bb70d2407a3c,POSE,,,1-5,No_Damage,,200,95,5,0,0,0,Immature,,1,74,4,11840,<50,no,20250611_42.53374918-108.70719661,POSE,ae2a150c-a7e1-4c3c-b370-6acf796e8f36,06/17/2025 15:59:40.514,cnhp_guest7,06/17/2025 15:59:40.514,cnhp_guest7
95,5ee01aec-a42e-4027-9ed4-23acb1807a73,PEPR2,,,0-1,No_Damage,,70,100,0,0,0,0,Immature,,0,0,0,0,<50,no,20250611_42.59190602-108.84722943,PEPR2,0a0fa849-c42b-49d3-8569-3b0ece0d71c9,06/17/2025 15:59:42.174,cnhp_guest7,06/17/2025 15:59:42.174,cnhp_guest7
96,d73bfb94-0a95-4bdf-8ecc-443d2d09fc40,POSE,,,1-5,No_Damage,,250,100,0,0,0,0,Immature,,1,74,4,14800,<50,no,20250613_43.66245313-109.56913008,POSE,f0fc918b-7513-4986-a6a9-91df79f17b8a,06/17/2025 15:59:44.096,cnhp_guest7,06/17/2025 15:59:44.096,cnhp_guest7
97,8aafbfe1-be15-4a90-aab5-94fb20f7b571,PEPR2,,,5-10,No_Damage,,500,10,90,0,0,0,Immature,,0,0,0,0,<50,no,20250614_43.59197089-109.9409576,PEPR2,fd0516ab-d2df-4025-8182-18d07f2e0851,06/17/2025 15:59:45.717,cnhp_guest7,06/17/2025 15:59:45.717,cnhp_guest7
98,90107c7f-6500-43c5-bb29-38d5da2eb9e4,DECE,,,5-10,Burnt,,250,30,70,0,0,0,Immature,,1,29,6,8700,<50,no,20250614_43.60600455-109.9568776,DECE,0c0c31bd-bc83-4a8d-95b9-662ceb078da9,06/17/2025 15:59:47.872,cnhp_guest7,06/17/2025 15:59:47.872,cnhp_guest7
99,8da78cb5-5a61-4c0b-b795-2cfa0e87a4f8,POSE,,,1-5,Burnt,,250,100,0,0,0,0,Immature,,1,74,4,2960,<50,no,20250614_43.60600455-109.9568776,POSE,0c0c31bd-bc83-4a8d-95b9-662ceb078da9,06/17/2025 15:59:47.872,cnhp_guest7,06/17/2025 15:59:47.872,cnhp_guest7
100,b2307108-a1ff-4be2-93c2-8ff52fe022c9,PEWH,,,1-5,Burnt,,50,100,0,0,0,0,Immature,,46,13,3,17940,<50,no,20250614_43.60600455-109.9568776,PEWH,0c0c31bd-bc83-4a8d-95b9-662ceb078da9,06/17/2025 15:59:47.872,cnhp_guest7,06/17/2025 15:59:47.872,cnhp_guest7
101,27014710-e36f-42d4-82e6-a8df2cc67c1e,GETR,,,1-5,No_Damage,,700,75,25,0,0,0,Immature,,1,88,2,24640,<50,no,20250615_43.6565007-109.86888869,GETR,e756c8fc-b4a0-4af8-b181-034656109f9a,06/17/2025 15:59:49.834,cnhp_guest7,06/17/2025 15:59:49.834,cnhp_guest7
102,17254052-953b-4baf-8a33-3062e06e5204,PEPR2,,,5-10,No_Damage,,250,25,75,0,0,0,Immature,,0,0,0,0,<50,no,20250615_43.6565007-109.86888869,PEPR2,e756c8fc-b4a0-4af8-b181-034656109f9a,06/17/2025 15:59:49.834,cnhp_guest7,06/17/2025 15:59:49.834,cnhp_guest7
103,70b7d5e9-fdd9-42ba-a368-7867b6e7aa1a,ARTRW8,,,40-100,No_Damage,,10000,100,0,0,0,0,Immature,,1,23,15,690000,<50,no,20250615_43.6565007-109.86888869,ARTRW8,e756c8fc-b4a0-4af8-b181-034656109f9a,06/17/2025 15:59:49.834,cnhp_guest7,06/17/2025 15:59:49.834,cnhp_guest7
104,c5bb2700-189c-4aef-8cf7-6d350864c58d,ARTRW8,,,40-100,No_Damage,,10000,100,0,0,0,0,Immature,,1,23,15,690000,<50,no,20250615_43.66069801-109.86654097,ARTRW8,259df953-2855-433b-872c-fe9743927652,06/17/2025 15:59:51.462,cnhp_guest7,06/17/2025 15:59:51.462,cnhp_guest7
105,4726e3ed-3ce3-4904-97d2-946d01db65db,GETR,,,10-40,No_Damage,,2000,50,50,0,0,0,Immature,,1,88,2,106,<50,no,20250615_43.66069801-109.86654097,GETR,259df953-2855-433b-872c-fe9743927652,06/17/2025 15:59:51.462,cnhp_guest7,06/17/2025 15:59:51.462,cnhp_guest7
106,4f01e7a6-7086-4c94-ae9e-00af14f00901,PEPR2,,,1-5,No_Damage,,80,50,50,0,0,0,Immature,,0,0,0,0,<50,no,20250615_43.66069801-109.86654097,PEPR2,259df953-2855-433b-872c-fe9743927652,06/17/2025 15:59:51.462,cnhp_guest7,06/17/2025 15:59:51.462,cnhp_guest7
107,39609b63-822e-4504-bfc1-ad8bdddf9cfc,LODI,,,0-1,No_Damage,,50,100,0,0,0,0,Immature,,2,20,8,3200,<50,no,20250615_43.72471992-109.97551386,LODI,ce3611b7-483b-4cb3-8794-811f218418a5,06/17/2025 15:59:53.642,cnhp_guest7,06/17/2025 15:59:53.642,cnhp_guest7
108,ddc2392c-72eb-460d-b170-861a2929b24e,ACNE9,,,1-5,No_Damage,,220,0,0,0,95,5,Empty,,1,29,3,3828,<50,no,20250625_38.82969688-105.98863907,ACNE9,fd6ccd45-2eb0-4545-8adb-b9ba3dd057b9,06/30/2025 23:26:47.997,cnhp_guest7,06/30/2025 23:26:47.997,cnhp_guest7
109,10193ca8-36b1-4d74-938e-d789024a6997,ACNE9,,,10-40,No_Damage,,10000,100,0,0,0,0,Immature,,1,29,3,174000,>50,no,20250625_38.80221569-106.01277634,ACNE9,dfb1f3cb-7e5b-4e23-816f-8a6f4e7b812e,06/30/2025 23:26:50.885,cnhp_guest7,06/30/2025 23:26:50.885,cnhp_guest7
110,f6fa89b1-2ed7-4feb-b98d-72ceaeeb8a5b,DASP2,,,1-5,No_Damage,,90,50,50,0,0,0,Immature,,0,0,0,0,<50,no,20250625_38.77812933-106.0126342,DASP2,d3b53755-3426-48f6-ac43-306c8d0bf7aa,06/30/2025 23:26:52.439,cnhp_guest7,06/30/2025 23:26:52.439,cnhp_guest7
111,1b6da480-95cc-44b1-98b1-4a8ba44e96ab,CAINH2,,,10-40,No_Damage,,500,15,5,5,75,0,Healthy,,1,1,1,100,>50,yes,20250625_38.68143607-105.88682822,CAINH2,d6b116e8-5e0a-4b40-bd5b-23241768f009,06/30/2025 23:26:54.233,cnhp_guest7,06/30/2025 23:26:54.233,cnhp_guest7
112,3e957f91-cd95-476e-b46f-3a9fe7771b47,NAVI4,,,0-1,Burnt,,120,5,5,90,0,0,Immature,,1,88,4,8448,<50,no,20250626_38.26121891-105.67822303,NAVI4,45040686-c6f2-4871-a9b4-259f300db84a,06/30/2025 23:26:56.118,cnhp_guest7,06/30/2025 23:26:56.118,cnhp_guest7
113,aa6010d6-9005-4014-98a8-18b9c5a5d1d7,PENST,,,1-5,Other,Human,70,25,70,5,0,0,Immature,,0,0,0,0,<50,no,20250627_38.00164825-105.05739515,PENST,b41096d4-e315-4d10-8b2c-8c0b52db740b,06/30/2025 23:26:57.829,cnhp_guest7,06/30/2025 23:26:57.829,cnhp_guest7
114,506f696d-cae3-4f7b-bb9a-d83b6aceee39,DASP2,,,1-5,No_Damage,,100,75,25,0,0,0,Immature,,0,0,0,0,<50,no,20250627_38.00164825-105.05739515,DASP2,b41096d4-e315-4d10-8b2c-8c0b52db740b,06/30/2025 23:26:57.829,cnhp_guest7,06/30/2025 23:26:57.829,cnhp_guest7
115,8aeb0467-9f94-4edd-a761-cd90aad16eae,POFE,,,1-5,No_Damage,,150,10,15,75,0,0,Immature,,1,0,0,0,<50,no,20250627_37.98802246-105.13969087,POFE,c521e3e8-149d-4c02-8c6b-a0f34e0d15be,06/30/2025 23:26:59.214,cnhp_guest7,06/30/2025 23:26:59.214,cnhp_guest7
116,801862d9-c166-4448-b3a9-05530b1980a4,CAEB,,,0-1,No_Damage,,75,20,80,0,0,0,Immature,,1,0,0,0,<50,no,20250627_37.89701081-105.04119132,CAEB,6691045b-4011-4a7e-a830-f67f436ec8cd,06/30/2025 23:27:00.624,cnhp_guest7,06/30/2025 23:27:00.624,cnhp_guest7
117,a0b239f3-2a85-4c25-ad66-1c1587f59d38,CAINH2,,,5-10,No_Damage,,2000,50,0,5,45,0,Healthy,,1,5,2,4000,>50,yes,20250628_37.91191164-105.21128376,CAINH2,2ba9e2a6-e398-472b-ac3d-e10aa6c98070,06/30/2025 23:27:02.380,cnhp_guest7,06/30/2025 23:27:02.380,cnhp_guest7
118,09168742-7a40-487d-9783-208999372a19,PENST,,,0-1,No_Damage,,70,15,85,0,0,0,Immature,,0,0,0,0,<50,no,20250629_37.34269035-106.48666552,PENST,365f2a48-4b69-470e-a822-c543fe261544,06/30/2025 23:27:03.814,cnhp_guest7,06/30/2025 23:27:03.814,cnhp_guest7
119,2162746d-16f5-4b0d-a8bb-22995433a37d,PEPR2,,,0-1,No_Damage,,200,95,5,0,0,0,Immature,,0,0,0,0,<50,no,20250630_37.54245964-106.80030861,PEPR2,05ab236c-a9ad-4c0c-8a2d-0e39d0e94cb8,06/30/2025 23:27:05.585,cnhp_guest7,06/30/2025 23:27:05.585,cnhp_guest7
120,7b3f4613-dc8b-4fca-81c2-31ab11b0f96e,DASP2,,,40-100,No_Damage,,20000,100,0,0,0,0,Immature,,0,0,0,0,<50,no,20250624_39.20548978-106.06859014,DASP2,6b016e74-8a06-4f1b-b06a-612182ebdb48,07/01/2025 16:07:48.987,cnhp_guest7,07/01/2025 16:07:48.987,cnhp_guest7
121,fcd1936a-6fae-4640-9b55-b0b320adaba0,ACNE9,,,5-10,No_Damage,,3200,100,0,0,0,0,Immature,,1,29,3,55680,<50,no,20250625_38.72512274-105.93067419,ACNE9,4c10a636-2e61-4d9a-976c-4a91aa430d4b,07/01/2025 16:07:52.145,cnhp_guest7,07/01/2025 16:07:52.145,cnhp_guest7
122,7ec56cfb-186f-4cdd-9fb5-55d1d435b2bb,DASP2,,,1-5,Fungal_damage,,300,100,0,0,0,0,Immature,,0,0,0,0,<50,no,20250625_38.70775398-105.92055197,DASP2,2c480002-d82d-47c3-85e6-cc8afe61febb,07/01/2025 16:07:54.110,cnhp_guest7,07/01/2025 16:07:54.110,cnhp_guest7
123,a5ad0ffa-1c0c-49d4-8ccc-8c61ceb19899,DASP2,,,1-5,No_Damage,,600,99,1,0,0,0,Immature,,0,0,0,0,<50,no,20250626_38.00433522-105.18952598,DASP2,8161c582-d723-4458-9aca-d70f7a2c5fe8,07/01/2025 16:07:55.771,cnhp_guest7,07/01/2025 16:07:55.771,cnhp_guest7
124,e7d0aa06-83f5-4726-91b3-d0a45a2bf5fa,POFE,,,1-5,Burnt,,100,25,55,15,5,0,Immature,,1,0,0,0,<50,no,20250626_38.03011007-105.17805646,POFE,156d058e-f77f-4174-9508-c6a226f5db44,07/01/2025 16:07:57.666,cnhp_guest7,07/01/2025 16:07:57.666,cnhp_guest7
125,d899da71-cd48-437c-8b85-3bba11e9d476,DASP2,,,5-10,No_Damage,,1000,100,0,0,0,0,Immature,,0,0,0,0,<50,no,20250626_38.03656671-105.18800616,DASP2,a98c3943-a715-4745-a79d-2f3a29cf803e,07/01/2025 16:07:59.317,cnhp_guest7,07/01/2025 16:07:59.317,cnhp_guest7
126,ed7fde14-04d5-473c-9c4c-b265f5710caa,POFE,,,5-10,No_Damage,,750,40,50,10,0,0,Immature,,1,0,0,0,<50,no,20250626_38.03656671-105.18800616,POFE,a98c3943-a715-4745-a79d-2f3a29cf803e,07/01/2025 16:07:59.317,cnhp_guest7,07/01/2025 16:07:59.317,cnhp_guest7
127,b176caee-f576-4e96-a88f-e0a1e3cb079c,POFE,,,10-40,Other,Lots of dandelions,6000,80,20,0,0,0,Immature,,1,0,0,0,<50,no,20250626_38.04737409-105.17983995,POFE,fc40c6fd-5bb0-4b2c-9f8b-01b3ebd20dab,07/01/2025 16:08:00.855,cnhp_guest7,07/01/2025 16:08:00.855,cnhp_guest7
128,51cd7fd0-7d32-472c-917b-93c4fbdeee73,GETR,,,5-10,No_Damage,,400,50,45,5,0,0,Immature,,1,88,2,14080,<50,no,20250627_38.01724232-105.16664104,GETR,c88d8110-3f70-4864-88d8-9cac3967ed0d,07/01/2025 16:08:02.856,cnhp_guest7,07/01/2025 16:08:02.856,cnhp_guest7
129,296c248a-cbc5-4c4f-8f39-496cc2153c94,CAINH2,,,1-5,Other,Roadside,225,30,10,20,40,0,Immature,,1,0,0,0,>50,no,20250627_38.01724232-105.16664104,CAINH2,c88d8110-3f70-4864-88d8-9cac3967ed0d,07/01/2025 16:08:02.856,cnhp_guest7,07/01/2025 16:08:02.856,cnhp_guest7
130,46cd74bd-8215-434a-bca4-09a7165c936c,POFE,,,40-100,No_Damage,,1000,0,5,15,78,2,Immature,,1,0,0,0,>50,no,20250627_38.01724232-105.16664104,POFE,c88d8110-3f70-4864-88d8-9cac3967ed0d,07/01/2025 16:08:02.856,cnhp_guest7,07/01/2025 16:08:02.856,cnhp_guest7
131,923049c9-dfca-44c0-944e-c0e671753d5b,GETR,,,1-5,Grazed_Domestic,,200,35,65,0,0,0,Immature,,1,88,2,7040,<50,yes,20250627_37.98906094-105.13974239,GETR,32271e2e-2950-4b10-b810-e325558003f3,07/01/2025 16:08:04.716,cnhp_guest7,07/01/2025 16:08:04.716,cnhp_guest7
132,f1e90ecd-988e-403e-939e-bd630fc2151c,DECE,,,10-40,Grazed_Domestic,,1000,100,0,0,0,0,Immature,,1,29,6,34800,<50,no,20250627_37.98906094-105.13974239,DECE,32271e2e-2950-4b10-b810-e325558003f3,07/01/2025 16:08:04.716,cnhp_guest7,07/01/2025 16:08:04.716,cnhp_guest7
133,357f3e9e-be7d-4692-8eb3-8fa0156f54f0,POAL2,,,1-5,No_Damage,,200,100,0,0,0,0,Immature,,1,0,0,0,<50,no,20250627_37.94627189-105.10403407,POAL2,5165103e-6d15-4933-bee0-d25973080d4b,07/01/2025 16:08:06.303,cnhp_guest7,07/01/2025 16:08:06.303,cnhp_guest7
134,9ba991f0-d203-46ba-a83a-dccee83d50d3,CAINH2,,,1-5,No_Damage,,300,65,0,0,35,0,Immature,,1,0,0,0,<50,yes,20250627_37.92603662-105.21410015,CAINH2,74275251-fd4e-4b93-97bb-d92189b8f5e2,07/01/2025 16:08:08.011,cnhp_guest7,07/01/2025 16:08:08.011,cnhp_guest7
135,1503a748-ce8c-4fdf-b661-2a9029071ddb,CAINH2,,,0-1,No_Damage,,380,70,0,0,30,0,Immature,,1,0,0,0,<50,no,20250628_37.9276444-105.20517846,CAINH2,39eefa79-cfe5-455e-a21b-9dfecbb88b95,07/01/2025 16:08:09.560,cnhp_guest7,07/01/2025 16:08:09.560,cnhp_guest7
136,ab25e5f2-b6c4-43ac-b6c0-a8d90d659d77,CAINH2,,,1-5,No_Damage,,500,97,0,0,3,0,Immature,,1,0,0,0,<50,no,20250628_37.94938332-105.20289013,CAINH2,1a8c774f-af2a-4421-98ec-6b662f4f7e44,07/01/2025 16:08:11.144,cnhp_guest7,07/01/2025 16:08:11.144,cnhp_guest7
137,5d2d690b-654a-4f5f-92e7-229cf57effaa,GETR,,,0-1,No_Damage,,100,65,5,25,5,0,Immature,,1,88,2,3520,<50,no,20250630_37.54322761-106.79697377,GETR,b81808ea-825c-4897-8ab9-7c2cad8ece2b,07/01/2025 16:08:12.657,cnhp_guest7,07/01/2025 16:08:12.657,cnhp_guest7
138,21662690-72ba-4586-933b-fc0331af5c7e,PEPR2,,,0-1,No_Damage,,50,85,15,0,0,0,Immature,,0,0,0,0,<50,no,20250630_37.54322761-106.79697377,PEPR2,b81808ea-825c-4897-8ab9-7c2cad8ece2b,07/01/2025 16:08:12.657,cnhp_guest7,07/01/2025 16:08:12.657,cnhp_guest7
139,d4247c26-2efa-412f-86d4-966eeae4e0b0,PEWH,,,5-10,No_Damage,,200,30,70,0,0,0,Healthy,,46,13,3,71760,<50,no,20250709_39.59717042-105.71242394,PEWH,d8835f26-3fe6-4fe6-a708-d5afb8ca52c6,07/09/2025 23:45:03.442,cnhp_guest4,07/09/2025 23:45:03.442,cnhp_guest4
140,d1f2f099-0f36-44ba-9c54-32a5f812fbde,PEPR2,,,5-10,No_Damage,,600,30,45,5,0,10,Healthy,,70,30,2,1152000,<50,no,20250709_39.52656686-105.74161082,PEPR2,54126f5a-4fc4-4314-97d0-c183230a9227,07/09/2025 23:45:10.010,cnhp_guest4,07/09/2025 23:45:10.010,cnhp_guest4
141,a0165145-31ba-4785-899e-eb356e1b6b8e,GETR,,,5-10,No_Damage,,300,30,40,24,1,5,Immature,,1,88,2,1152000,<50,no,20250709_39.52656686-105.74161082,PEPR2,1439a36e-5d1a-4602-9a00-d6e16164fe94,07/09/2025 23:49:33.722,cnhp_guest4,09/07/2025 02:42:44.230,cnhp_guest4
142,9829b06a-5fed-475d-b7a2-20c3fdce7e21,GERO2,,,5-10,No_Damage,,400,30,60,10,0,0,Immature,,1,10,5,4000,<50,no,20250709_39.59717042-105.71242394,GERO2,d8835f26-3fe6-4fe6-a708-d5afb8ca52c6,07/10/2025 13:49:54.993,cnhp_guest4,07/10/2025 13:49:54.993,cnhp_guest4
143,10d452c7-954c-4928-9cef-adca789ee6b5,ACNE9,,,0-1,Other,In dispersed camping area,70,95,5,0,0,0,Immature,,1,29,3,1218,<50,no,20250709_38.17660713-107.33729263,ACNE9,5c7238e1-4e3b-42d0-bf69-c47f8c7c97e4,07/15/2025 15:57:17.678,cnhp_guest7,07/15/2025 15:57:17.678,cnhp_guest7
144,6e01a99d-7c9f-4190-a8cb-92710e7f60a7,DECE,,,0-1,No_Damage,,150,0,100,0,0,0,Immature,,1,29,6,5220,<50,no,20250709_38.17828578-107.33537249,DECE,10a31366-d398-473a-8c2e-6ee558af612e,07/15/2025 15:57:20.191,cnhp_guest7,07/15/2025 15:57:20.191,cnhp_guest7
145,85cb66d9-3de0-4e52-9d7e-9a42899330ff,POFE,,,1-5,Timber_Harvest,,700,0,25,75,0,0,Immature,,1,417,59,3444420,<50,no,20250709_38.18771069-107.34546976,POFE,c492cdb1-81cc-4ae3-9cc5-3e80866779ff,07/15/2025 15:57:22.672,cnhp_guest7,07/15/2025 15:57:22.672,cnhp_guest7
146,91b3f420-ca01-4338-ad59-f58553da8a30,DECE,,,5-10,Other,Old forest road that goes through the Meadow.,10000,0,100,0,0,0,Immature,,1,29,6,348000,<50,no,20250709_38.19606815-107.34605379,DECE,bc2c752f-f979-47f6-a0c5-4cab8611d9e1,07/15/2025 15:57:24.462,cnhp_guest7,07/15/2025 15:57:24.462,cnhp_guest7
147,a2c87f37-64bf-4d93-a047-a5b9af006990,GETR,,,1-5,No_Damage,,300,60,40,0,0,0,Immature,,1,88,2,10560,<50,no,20250709_38.19606815-107.34605379,GETR,bc2c752f-f979-47f6-a0c5-4cab8611d9e1,07/15/2025 15:57:24.462,cnhp_guest7,07/15/2025 15:57:24.462,cnhp_guest7
148,47447cac-58c7-4c64-9ac3-f76f0b1ee603,DECE,,,1-5,No_Damage,,3000,30,60,10,0,0,Immature,,1,29,6,104400,<50,no,20250709_38.23885127-107.34696636,DECE,50e09dd1-fa6f-4a40-9963-025b2b5c10b6,07/15/2025 15:57:27.927,cnhp_guest7,07/15/2025 15:57:27.927,cnhp_guest7
149,ec9ab655-7e73-4840-9eef-0ec1e54939ab,ACNE9,,,0-1,No_Damage,,250,80,20,0,0,0,Immature,,1,29,3,4350,<50,no,20250709_38.01934958-107.48268923,ACNE9,3d73b9e5-d889-46f0-99d8-28c8b8d035eb,07/15/2025 15:57:29.570,cnhp_guest7,07/15/2025 15:57:29.570,cnhp_guest7
150,7318ab41-5eb5-47e0-bcf2-380e6a29740f,ERSP4,,,5-10,Other,Bromus inermis,600,0,100,0,0,0,Immature,,1,390,4,187200,<50,no,20250710_38.1599081-108.10371328,ERSP4,0b09369d-93fa-4671-bddf-64a1a8572225,07/15/2025 15:57:31.177,cnhp_guest7,07/15/2025 15:57:31.177,cnhp_guest7
151,b628d11e-3b3b-4c84-9eae-9336ec19e145,DECE,,,5-10,Grazed_Domestic,,4000,10,75,15,0,0,Immature,,1,29,6,139200,<50,no,20250710_38.25435857-108.03034206,DECE,60578456-0218-4f43-974a-e2e89d48641a,07/15/2025 15:57:33.429,cnhp_guest7,07/15/2025 15:57:33.429,cnhp_guest7
152,14271466-ff26-4933-8dec-9c723559592a,ERSP4,,,1-5,No_Damage,,250,15,85,0,0,0,Immature,,1,390,4,78000,<50,no,20250711_39.04063356-107.97833203,ERSP4,74f11380-0fd8-4bad-8bf9-36b19dfd448d,07/15/2025 15:57:36.593,cnhp_guest7,07/15/2025 15:57:36.593,cnhp_guest7
153,7c64bec2-82d7-4a17-9ee9-651f24b7416d,PENST,,,1-5,No_Damage,,1500,50,30,20,0,0,Immature,,0,0,0,0,<50,no,20250711_39.03913957-108.16002037,PENST,18870adb-65fa-4041-88a5-e6f3c35d8270,07/15/2025 15:57:40.101,cnhp_guest7,07/15/2025 15:57:40.101,cnhp_guest7
154,05626139-eaf3-4e77-b9e1-3b0ceb306834,ERSP4,,,10-40,No_Damage,,1500,10,90,0,0,0,Immature,,1,390,4,156000,<50,no,20250711_39.0405365-108.17487446,ERSP4,6eb08a38-4f57-4e00-a797-2fdb18e9f469,07/15/2025 15:57:42.026,cnhp_guest7,07/15/2025 15:57:42.026,cnhp_guest7
155,1c3d9614-990a-460e-a9f7-7190f8d8990c,ERSP4,,,10-40,No_Damage,,2000,15,85,0,0,0,Immature,,1,390,4,124800,<50,no,20250711_39.0008141-108.15443981,ERSP4,856ae35e-bdaf-468e-8b15-67f8bb659618,07/15/2025 15:57:44.254,cnhp_guest7,07/15/2025 15:57:44.254,cnhp_guest7
156,13b56717-a6aa-4f17-9b62-08380b7aec9d,ACNE9,,,0-1,No_Damage,,50,30,10,5,55,0,Empty,,1,29,3,870,<50,no,20250711_39.0008141-108.15443981,ACNE9,856ae35e-bdaf-468e-8b15-67f8bb659618,07/15/2025 15:57:44.254,cnhp_guest7,07/15/2025 15:57:44.254,cnhp_guest7
157,94698893-bc37-4892-b6b6-e85f28370ed7,DECE,,,5-10,No_Damage,,700,15,85,0,0,0,Immature,,1,29,6,24360,<50,no,20250711_39.01817391-108.0766528,DECE,675febb8-6fa6-4f30-ac15-6c440d061413,07/15/2025 15:57:45.972,cnhp_guest7,07/15/2025 15:57:45.972,cnhp_guest7
158,acde5669-e89d-428f-a1dc-42985c08b4ff,CAEB,,,5-10,No_Damage,,100,0,0,75,25,0,Immature,,1,0,0,0,<50,no,20250711_39.01817391-108.0766528,CAEB,675febb8-6fa6-4f30-ac15-6c440d061413,07/15/2025 15:57:45.972,cnhp_guest7,07/15/2025 15:57:45.972,cnhp_guest7
159,8b0d6403-e5dd-4372-8ea5-9342907891d9,PENST,,,5-10,No_Damage,,500,30,40,30,0,0,Immature,,0,0,0,0,<50,no,20250711_39.01817391-108.0766528,PENST,675febb8-6fa6-4f30-ac15-6c440d061413,07/15/2025 15:57:45.972,cnhp_guest7,07/15/2025 15:57:45.972,cnhp_guest7
160,585348b9-621b-419a-ae42-af63d1439803,ERSP4,,,1-5,"Grazed_Wildlife,Trampled,Other",Overall disturbance very low,250,0,100,0,0,0,Immature,,1,390,4,78000,<50,no,20250711_38.97623021-108.09492311,ERSP4,da9cc8c4-b512-45fb-9e41-494385ed02a4,07/15/2025 15:57:47.612,cnhp_guest7,07/15/2025 15:57:47.612,cnhp_guest7
161,dd831d91-21a2-4334-a593-ac76b2ed2ac0,GETR,,,1-5,"No_Damage,Grazed_Wildlife",,150,60,0,35,10,0,Immature,,1,88,2,5280,>50,no,20250712_38.96774491-108.09507418,GETR,a14b0e3d-e235-4f18-b634-3763a8c30122,07/15/2025 15:57:49.505,cnhp_guest7,07/15/2025 15:57:49.505,cnhp_guest7
162,7d965f31-85ec-48e7-bd8c-2e6ddf067ea9,PENST,,,1-5,No_Damage,,800,50,50,0,0,0,Immature,,0,0,0,0,<50,no,20250712_38.96774491-108.09507418,PENST,a14b0e3d-e235-4f18-b634-3763a8c30122,07/15/2025 15:57:49.505,cnhp_guest7,07/15/2025 15:57:49.505,cnhp_guest7
163,13ecfcb1-e057-40a3-b98d-2800bf686d4c,DECE,,,1-5,No_Damage,,50,0,15,85,0,0,Immature,,1,29,6,1740,<50,no,20250712_38.96774491-108.09507418,DECE,a14b0e3d-e235-4f18-b634-3763a8c30122,07/15/2025 15:57:49.505,cnhp_guest7,07/15/2025 15:57:49.505,cnhp_guest7
164,cc66e178-6cb9-4935-9eab-95f921f85844,DECE,,,5-10,No_Damage,,1000,10,90,0,0,0,Immature,,1,29,6,34800,<50,no,20250712_39.0456732-107.90711156,DECE,24abfff0-5519-416a-9b30-734bdac4c657,07/15/2025 15:57:51.613,cnhp_guest7,07/15/2025 15:57:51.613,cnhp_guest7
165,4d46de2e-012e-4659-8ace-79662909e6bd,CAEB,,,5-10,No_Damage,,300,5,10,85,0,0,Immature,,1,0,0,0,<50,no,20250712_39.0456732-107.90711156,CAEB,24abfff0-5519-416a-9b30-734bdac4c657,07/15/2025 15:57:51.613,cnhp_guest7,07/15/2025 15:57:51.613,cnhp_guest7
166,f2f057ae-7c56-48cf-ac43-b38535a20e33,DECE,,,10-40,No_Damage,,12000,0,100,0,0,0,Immature,,1,29,6,417600,<50,no,20250712_39.06424079-107.84927056,DECE,d7b45a9c-270d-45ce-bb82-74841a001833,07/15/2025 15:57:53.312,cnhp_guest7,07/15/2025 15:57:53.312,cnhp_guest7
167,e726eb75-b194-4871-a9fe-f74ba275c07c,CAEB,,,5-10,No_Damage,,300,0,0,50,50,0,Immature,,1,0,0,0,<50,no,20250712_39.06424079-107.84927056,CAEB,d7b45a9c-270d-45ce-bb82-74841a001833,07/15/2025 15:57:53.312,cnhp_guest7,07/15/2025 15:57:53.312,cnhp_guest7
168,8e998bf7-05cb-42da-8888-28f1272ec340,AQCO,,,1-5,No_Damage,,700,5,90,5,0,0,Immature,,0,0,0,0,<50,no,20250713_38.63416914-106.75169495,AQCO,457f43a0-c5e1-4865-a9e4-d12da17d3111,07/15/2025 15:57:55.258,cnhp_guest7,07/15/2025 15:57:55.258,cnhp_guest7
169,61af6ce5-2918-4ac6-b8b6-7829bd33554f,GETR,,,1-5,No_Damage,,100,0,5,30,65,0,Healthy,,1,88,2,3520,>50,yes,20250713_38.63416914-106.75169495,GETR,457f43a0-c5e1-4865-a9e4-d12da17d3111,07/15/2025 15:57:55.258,cnhp_guest7,07/15/2025 15:57:55.258,cnhp_guest7
170,8d092dd9-ae16-4c80-8d00-262167c1b42b,POFE,,,5-10,No_Damage,,2000,0,1,1,90,8,Healthy,,1,0,0,0,>50,yes,20250713_38.63078412-106.75385283,POFE,d9746d1f-85d1-4ede-b9ee-1a1d017145b2,07/15/2025 15:57:56.828,cnhp_guest7,07/15/2025 15:57:56.828,cnhp_guest7
171,d41068a2-02bf-4aa9-9e59-2fee9698effc,POSE,,,5-10,No_Damage,,700,0,0,100,0,0,Immature,,1,74,4,41440,<50,no,20250713_38.61751534-106.75837726,POSE,408ca186-dbe4-48d3-942b-40f6c949a92a,07/15/2025 15:57:58.576,cnhp_guest7,07/15/2025 15:57:58.576,cnhp_guest7
172,fef36b5e-1e3b-457d-a1a5-43e9dbd08520,POSE,,,5-10,No_Damage,,2000,0,0,100,0,0,Immature,,1,74,4,118400,<50,no,20250713_38.61223711-106.77030742,POSE,a1a1fb01-9e96-475a-abcf-aee71e08b5df,07/15/2025 16:01:16.269,cnhp_guest7,07/15/2025 16:01:16.269,cnhp_guest7
173,0ca9bd4c-218c-447e-8d7e-b7e963a2efdc,ARTRV,,,5-10,No_Damage,,2000,100,0,0,0,0,Immature,,1,23,15,138000,<50,no,20250713_38.61223711-106.77030742,ARTRV,a1a1fb01-9e96-475a-abcf-aee71e08b5df,07/15/2025 16:01:16.269,cnhp_guest7,07/15/2025 16:01:16.269,cnhp_guest7
174,6ee7f821-5239-4251-b8bc-8f04176ca3e5,ERSP4,,,1-5,Other,Historic homestead,150,10,90,0,0,0,Immature,,1,390,4,46800,<50,no,20250713_38.62549143-106.77326634,ERSP4,8d7f08d3-908e-4eb2-ab6d-aeee0e06d546,07/15/2025 16:01:18.764,cnhp_guest7,07/15/2025 16:01:18.764,cnhp_guest7
175,fff7aff1-de5f-4b73-a6bc-60d9e68a47a7,POSE,,,1-5,No_Damage,,1000,0,1,15,84,0,Healthy,,1,74,4,59200,>50,yes,20250713_38.60002682-106.76206893,POSE,6e0f6f71-04c5-4b91-ba71-6a38cad4b518,07/15/2025 16:01:20.590,cnhp_guest7,07/15/2025 16:01:20.590,cnhp_guest7
176,6876b851-69a4-4767-8534-3500b42ff7a2,ACNE9,,,1-5,No_Damage,,150,0,25,30,45,0,Empty,,1,29,3,2610,<50,no,20250713_38.60002682-106.76206893,ACNE9,6e0f6f71-04c5-4b91-ba71-6a38cad4b518,07/15/2025 16:01:20.590,cnhp_guest7,07/15/2025 16:01:20.590,cnhp_guest7
177,65dd96ba-667c-45ef-9335-79e5ce8e2346,GETR,,,1-5,Other,Prairie dogs,300,20,5,15,30,30,Healthy,,1,88,2,10560,>50,yes,20250520_40.77253631-105.54305576,GETR,de740819-8b66-4f58-976a-8591399e4bac,07/16/2025 15:14:08.978,cnhp_guest4,07/16/2025 15:14:08.978,cnhp_guest4
178,32b8929f-118d-4583-9bd2-3048efad14dd,GETR,,,5-10,Other,Prairie dogs,3000,40,5,20,15,20,Healthy,,1,88,2,10560,>50,yes,20250520_40.77253631-105.54305576,GETR,a24c85d2-3fc3-4cc3-8ee6-7f0ec67eb280,07/16/2025 20:12:01.442,cnhp_guest4,07/16/2025 20:12:01.442,cnhp_guest4
179,415da1be-2fb0-4075-88d0-8f123d25c859,ACNE9,,,1-5,Other,Camping,250,0,0,5,80,15,Healthy,,1,29,3,4350,>50,yes,20250722_41.16322102-106.11531786,ACNE9,e6399e1b-ed00-480a-a4c8-697e4b11b875,07/29/2025 19:54:59.740,cnhp_guest4,07/29/2025 19:54:59.740,cnhp_guest4
180,02153550-33b2-43c7-8720-6048fbfe4884,ACNE9,,,0-1,No_Damage,,400,0,0,25,75,0,Healthy,,1,29,3,6960,>50,yes,20250722_41.16554793-106.13520381,ACNE9,f191531e-21e1-4706-a109-3ef7cb8513a2,07/29/2025 19:55:03.084,cnhp_guest4,07/29/2025 19:55:03.084,cnhp_guest4
181,3e11748c-ef86-474b-b8a7-583fa714f03e,TRSP2,,,0-1,No_Damage,,700,0,10,80,10,0,Immature,,2,97,5,135800,<50,no,20250722_41.16554793-106.13520381,TRSP2,f191531e-21e1-4706-a109-3ef7cb8513a2,07/29/2025 19:55:03.084,cnhp_guest4,07/29/2025 19:55:03.084,cnhp_guest4
182,6f06e037-947a-4619-8257-0ae46d8721d1,POSE,,,0-1,No_Damage,,200,0,0,100,0,0,Immature,,1,74,4,11840,<50,no,20250722_41.16554793-106.13520381,POSE,f191531e-21e1-4706-a109-3ef7cb8513a2,07/29/2025 19:55:03.084,cnhp_guest4,07/29/2025 19:55:03.084,cnhp_guest4
183,10aac369-00fc-495e-bdc1-f1fda6a5eb97,ACNE9,,,5-10,Other,Most abundant in an old parking area next to the cabin.,600,0,0,30,70,0,Healthy,,1,29,3,10440,>50,yes,20250723_41.16553825-106.13894359,ACNE9,eef17f3c-53a5-4537-a25a-249bbc9db1f0,07/29/2025 20:06:09.329,cnhp_guest4,07/29/2025 20:06:09.329,cnhp_guest4
184,b6f71f9a-fdf2-4a45-bb9e-e2fca833c217,ACNE9,,,10-40,Burnt,,250,0,0,10,90,0,Healthy,,1,29,3,4350,>50,yes,20250724_41.1312983-106.16912657,ACNE9,f5e50345-b6fe-4de9-8761-c39a389fe598,07/29/2025 20:06:11.169,cnhp_guest4,07/29/2025 20:06:11.169,cnhp_guest4
185,a689f6a7-bc67-41df-be10-f40d9628c6ef,Other,Danthonia intermedia,,10-40,Burnt,,800,0,0,0,90,10,Healthy,,0,0,0,0,>50,yes,20250724_41.1312983-106.16912657,DASP2,f5e50345-b6fe-4de9-8761-c39a389fe598,07/29/2025 20:06:11.169,cnhp_guest4,07/29/2025 20:06:11.169,cnhp_guest4
186,9df0fd4c-b16a-4875-b3ef-044db14224e1,ACNE9,,,10-40,Burnt,,600,0,0,15,85,0,Healthy,,1,29,3,10440,>50,yes,20250725_41.14832916-106.15432152,ACNE9,d5a69696-50e9-4112-bef1-50f03ff6f732,07/29/2025 20:06:16.781,cnhp_guest4,07/29/2025 20:06:16.781,cnhp_guest4
187,1221bd92-e3dc-46e2-a1f5-5c30d1d1dafa,DECE,,,5-10,No_Damage,,5000,0,5,75,15,5,Healthy,,1,29,6,174000,>50,yes,20250725_41.22388996-106.23345502,DECE,49aca96c-a267-4202-97b8-0afccdc112f5,07/29/2025 20:06:19.584,cnhp_guest4,07/29/2025 20:06:19.584,cnhp_guest4
188,4d43dcbc-f80b-4171-92e9-dce08eca9a17,GETR,,,5-10,No_Damage,,150,0,0,70,30,0,Healthy,,1,88,2,5280,>50,yes,20250725_41.22388996-106.23345502,GETR,49aca96c-a267-4202-97b8-0afccdc112f5,07/29/2025 20:06:19.584,cnhp_guest4,07/29/2025 20:06:19.584,cnhp_guest4
189,ad5285e8-3d7e-4c0f-a7b4-2d4f8ff25b2b,ACNE9,,,5-10,No_Damage,,350,0,0,15,70,15,Empty,,1,29,3,6090,>50,yes,20250726_41.02814657-106.59685391,ACNE9,b899cdee-7acc-40c6-b02b-7a3334ccb635,07/29/2025 20:06:21.868,cnhp_guest4,07/29/2025 20:06:21.868,cnhp_guest4
190,301b4392-419a-4389-813e-f671908c5927,PEPR2,,,10-40,No_Damage,,800,0,0,95,5,0,Immature,,0,0,0,0,<50,no,20250726_41.02814657-106.59685391,PEPR2,b899cdee-7acc-40c6-b02b-7a3334ccb635,07/29/2025 20:06:21.868,cnhp_guest4,07/29/2025 20:06:21.868,cnhp_guest4
191,d7cfdfe3-4ffb-4053-b894-d98d57747740,DECE,,,5-10,No_Damage,,800,0,5,80,15,0,Healthy,,1,29,6,27840,>50,yes,20250726_41.02814657-106.59685391,DECE,b899cdee-7acc-40c6-b02b-7a3334ccb635,07/29/2025 20:06:21.868,cnhp_guest4,07/29/2025 20:06:21.868,cnhp_guest4
192,79dffbaf-69d9-4ecd-9289-953e8cb4a65d,ACNE9,,,10-40,Grazed_Wildlife,,2500,0,0,65,35,0,Healthy,,1,29,3,43500,>50,yes,20250727_41.06832439-106.63397144,ACNE9,9fa13bfb-41df-4859-8f9c-c77f0d22cf73,07/29/2025 20:06:27.609,cnhp_guest4,07/29/2025 20:06:27.609,cnhp_guest4
193,940ee3f3-c703-47be-a7c9-4fa1219194aa,DECE,,,5-10,No_Damage,,7500,0,10,85,5,0,Empty,,1,29,6,261000,>50,no,20250727_41.06832439-106.63397144,DECE,9fa13bfb-41df-4859-8f9c-c77f0d22cf73,07/29/2025 20:06:27.609,cnhp_guest4,07/29/2025 20:06:27.609,cnhp_guest4
194,2e360f1d-9724-4673-9ea7-3ad7260b69e2,ACNE9,,,1-5,No_Damage,,75,0,0,30,40,30,Healthy,,1,29,3,1305,>50,yes,20250727_41.27831901-105.40119627,ACNE9,50577eb5-cc93-421d-9647-c1cef22bdace,07/29/2025 20:06:29.495,cnhp_guest4,07/29/2025 20:06:29.495,cnhp_guest4
195,1a52925d-24c8-4b9a-85b0-1dcdbf26b198,DECE,,,1-5,Other,New trail being installed in the area,250,0,0,20,40,40,Healthy,,1,29,6,8700,>50,yes,20250728_40.77257513-105.54287143,DECE,27981cbe-6196-493a-aa8a-528cfe38c3bb,07/29/2025 20:06:31.399,cnhp_guest4,07/29/2025 20:06:31.399,cnhp_guest4
196,67ac7c5b-7abb-4f0a-b7a9-be131f5ad9fc,Other,Calamagrostis purpurascens,,10-40,Timber_Harvest,,1000,10,1,20,65,4,Healthy,,1,250,12,600000,>50,yes,20250805_39.844485636760226-105.49361465109884,PENST,ca93b5ae-fe7f-4e55-af1c-a4eee638cc33,08/05/2025 16:15:42.408,cnhp_guest4,08/14/2025 21:43:35.021,cnhp_guest4
197,7143ed51-6e50-4ac9-a445-7b7a225585d2,Other,CAPU,,10-40,Timber_Harvest,,850,5,0,10,75,10,Healthy,,1,300,35,1785000,>50,yes,20250808_39.85225077256546-105.48469900163401,Other,7e06b007-5cf1-4092-a308-13422110b807,08/08/2025 19:51:00.826,cnhp_guest4,08/08/2025 19:51:00.826,cnhp_guest4
198,f66835d9-cc95-4861-a23e-0cb07d10d140,PEPR2,,,10-40,No_Damage,,1400,0,0,75,25,0,Healthy,,0,0,0,0,>50,yes,20250808_44.30493751-109.24259886,PEPR2,3666431a-df46-46f1-a295-85c417c22a54,08/12/2025 16:07:12.586,cnhp_guest7,08/12/2025 16:07:12.586,cnhp_guest7
199,db59e193-65a6-47f7-a591-7b9e88e752b6,GETR,,,5-10,No_Damage,,100,0,0,0,50,50,Healthy,,1,88,2,3520,>50,yes,20250808_44.30493751-109.24259886,GETR,3666431a-df46-46f1-a295-85c417c22a54,08/12/2025 16:07:12.586,cnhp_guest7,08/12/2025 16:07:12.586,cnhp_guest7
200,7b8be01d-4f2c-47d6-b9c9-a0ddf0c0549f,POSE,,,5-10,No_Damage,,500,0,0,95,5,0,Empty,,1,74,4,29600,<50,no,20250808_44.30493751-109.24259886,POSE,3666431a-df46-46f1-a295-85c417c22a54,08/12/2025 16:07:12.586,cnhp_guest7,08/12/2025 16:07:12.586,cnhp_guest7
201,e3a18b02-f5d6-4325-bd64-67c65cb48872,PEPR2,,,1-5,No_Damage,,500,0,0,15,85,0,Healthy,,0,0,0,0,<50,yes,20250809_44.69261927-109.62467183,PEPR2,13a93ba3-bb9b-4bee-aa38-fec4239d85f7,08/12/2025 16:07:15.423,cnhp_guest7,08/12/2025 16:07:15.423,cnhp_guest7
202,b5b67728-54a1-4ce1-bedc-957094f83a88,GETR,,,1-5,No_Damage,,600,0,0,75,20,5,Healthy,,1,88,2,21120,>50,yes,20250810_44.95004374-109.63291388,GETR,bb67e76e-afca-448c-920d-b69c19ce70b1,08/12/2025 16:07:17.869,cnhp_guest7,08/12/2025 16:07:17.869,cnhp_guest7
203,5c918029-aff9-46e9-8717-2a7d77a08e17,ARTRV,,,10-40,No_Damage,,2000,60,30,10,0,0,Immature,,1,23,15,138000,<50,no,20250820_39.56601677266946-105.99418359406427,ARTRV,928e0f88-8df2-4a0d-b6d5-0b26f623eaa8,08/23/2025 00:13:59.251,cnhp_guest4,08/23/2025 00:13:59.251,cnhp_guest4
204,17eca3f6-d7d2-4b48-9cf9-f49ddc6198fd,ERSP4,,,1-5,Grazed_Wildlife,,300,30,30,10,20,10,Immature,,1,390,4,93600,<50,no,20250820_39.56601677266946-105.99418359406427,ERSP4,928e0f88-8df2-4a0d-b6d5-0b26f623eaa8,08/23/2025 00:13:59.251,cnhp_guest4,08/23/2025 00:13:59.251,cnhp_guest4
205,13ad23c9-c76f-422f-acfb-fd45b0537436,DROC,,,1-5,No_Damage,,70,0,0,5,90,5,Healthy,,0,0,0,0,>50,yes,20250819_39.65889969-105.87892287,DROC,b830d5f0-abbb-4bb0-a9c1-32be5d75aa46,08/26/2025 17:29:11.899,cnhp_guest4,08/26/2025 17:29:11.899,cnhp_guest4
206,9ba11d46-882b-4ed9-8ed7-1f621aa23977,DECE,,,5-10,No_Damage,,500,0,0,5,95,0,Empty,,1,29,6,17400,<50,no,20250819_39.65889969-105.87892287,DECE,b830d5f0-abbb-4bb0-a9c1-32be5d75aa46,08/26/2025 17:29:11.899,cnhp_guest4,08/26/2025 17:29:11.899,cnhp_guest4
207,d3ce5f0f-b65b-49ea-891b-9c5b82c91f50,GERO2,,,5-10,No_Damage,,600,0,5,15,30,50,Empty,,1,10,5,6000,<50,no,20250819_39.65889969-105.87892287,GERO2,b830d5f0-abbb-4bb0-a9c1-32be5d75aa46,08/26/2025 17:29:11.899,cnhp_guest4,08/26/2025 17:29:11.899,cnhp_guest4
208,88f1acd6-8833-41f4-94e0-8a24cf0f7304,DECE,,,1-5,Grazed_Wildlife,,1000,10,25,10,55,0,Empty,,1,29,6,34800,>50,no,20250820_39.60513233-105.80387297,DECE,efcdef5e-6aed-4d8f-9e13-6ed9e09c6c42,08/26/2025 17:29:14.685,cnhp_guest4,08/26/2025 17:29:14.685,cnhp_guest4
209,bdaddc5d-e1c4-4715-8479-37274b7716b7,DECE,,,0-1,No_Damage,,55,0,0,0,100,0,Healthy,,1,29,6,1914,>50,yes,20250820_39.37020255-106.07016845,DECE,0b768777-4812-43c9-b27a-7711dcc36021,08/26/2025 17:29:16.256,cnhp_guest4,08/26/2025 17:29:16.256,cnhp_guest4
210,610b644f-11e6-46b4-a638-cb8c5503469d,GERO2,,,1-5,No_Damage,,800,0,0,10,50,40,Healthy,,1,10,5,8000,>50,yes,20250821_39.70031048-106.34698171,GERO2,f7285d3f-0c90-443b-b3bd-e25c19ab2666,08/26/2025 17:29:18.121,cnhp_guest4,08/26/2025 17:29:18.121,cnhp_guest4
211,f106d443-f5d4-430e-abd0-46302a7c7115,DECE,,,0-1,No_Damage,,400,0,15,75,10,0,Immature,,1,29,6,13920,<50,no,20250821_39.70031048-106.34698171,DECE,f7285d3f-0c90-443b-b3bd-e25c19ab2666,08/26/2025 17:29:18.121,cnhp_guest4,08/26/2025 17:29:18.121,cnhp_guest4
212,c21d656c-6cd6-4402-9137-a2fd8a3fc93a,DECE,,,0-1,No_Damage,,250,0,0,30,60,10,Healthy,,1,29,6,8700,>50,yes,20250821_39.70054223-106.34283066,DECE,e76111e5-7b7b-4d47-89de-5da431531a7b,08/26/2025 17:29:20.619,cnhp_guest4,08/26/2025 17:29:20.619,cnhp_guest4
213,55cb5130-c85a-4657-b08d-7bb0aa68745d,DECE,,,40-100,No_Damage,,1000000,0,0,30,65,5,Healthy,,1,29,6,34800000,>50,yes,20250822_39.49799618-106.2528054,DECE,839b5e00-156b-4ee5-9652-a1b546c44449,08/26/2025 17:29:22.620,cnhp_guest4,08/26/2025 17:29:22.620,cnhp_guest4
214,3e91da88-dc56-4eb8-9919-a40e75f04061,CAEB,,,40-100,No_Damage,,10000,0,0,0,98,2,Healthy,,1,0,0,0,>50,yes,20250822_39.49799618-106.2528054,CAEB,839b5e00-156b-4ee5-9652-a1b546c44449,08/26/2025 17:29:22.620,cnhp_guest4,08/26/2025 17:29:22.620,cnhp_guest4
215,457fda5b-6949-48b6-8b89-5a260ea4452f,POAL2,,,0-1,Other,Occurring on tire tracks to a campsite.,100,0,10,15,75,0,Healthy,,1,0,0,0,>50,yes,20250822_39.49799618-106.2528054,POAL2,839b5e00-156b-4ee5-9652-a1b546c44449,08/26/2025 17:29:22.620,cnhp_guest4,08/26/2025 17:29:22.620,cnhp_guest4
216,0ea8980b-cba6-4fd2-a2aa-3130ca016632,GERO2,,,10-40,No_Damage,,2500,0,15,20,45,20,Healthy,,1,10,5,25000,>50,yes,20250822_39.49799618-106.2528054,GERO2,839b5e00-156b-4ee5-9652-a1b546c44449,08/26/2025 17:29:22.620,cnhp_guest4,08/26/2025 17:29:22.620,cnhp_guest4
217,64742c17-e525-4850-83d9-7d0ff49e008d,POFE,,,1-5,No_Damage,,750,0,0,0,90,10,Healthy,,1,0,0,0,>50,yes,20250822_39.49799618-106.2528054,POFE,839b5e00-156b-4ee5-9652-a1b546c44449,08/26/2025 17:29:22.620,cnhp_guest4,08/26/2025 17:29:22.620,cnhp_guest4
218,5e6190fe-329c-4d2e-913c-611540b2f6b3,DROC,,,1-5,No_Damage,,300,0,0,0,85,15,Healthy,,0,0,0,0,>50,yes,20250823_39.48499584-106.24915598,DROC,fefafbae-d263-45e3-9365-a5bff9d57183,08/26/2025 17:29:24.235,cnhp_guest4,08/26/2025 17:29:24.235,cnhp_guest4
219,fd841b6f-ed02-422e-ba82-697f36f2d985,GERO2,,,10-40,No_Damage,,2000,0,0,15,60,25,Healthy,,1,10,5,20000,>50,yes,20250823_39.48499584-106.24915598,GERO2,fefafbae-d263-45e3-9365-a5bff9d57183,08/26/2025 17:29:24.235,cnhp_guest4,08/26/2025 17:29:24.235,cnhp_guest4
220,f7e7f032-52bc-4424-9a90-41b93e2e5d8c,POSE,,,1-5,No_Damage,,500,0,10,70,20,0,Immature,,1,74,4,29600,<50,no,20250823_39.48885756-106.24690461,POSE,5e3db145-4546-4929-a979-006e9dfc47a1,08/26/2025 17:29:26.320,cnhp_guest4,08/26/2025 17:29:26.320,cnhp_guest4
221,7e8ed97a-315d-4b5f-be79-ee45b445fdb1,GERO2,,,40-100,No_Damage,,10000,0,2,18,60,20,Empty,,1,10,5,100000,>50,yes,20250823_39.48885756-106.24690461,GERO2,5e3db145-4546-4929-a979-006e9dfc47a1,08/26/2025 17:29:26.320,cnhp_guest4,08/26/2025 17:29:26.320,cnhp_guest4
222,c092fdd7-15bd-4ee9-b82d-ed61c47b139c,POAL2,,,5-10,No_Damage,,500,0,0,20,80,0,Healthy,,1,0,0,0,>50,yes,20250823_39.48885756-106.24690461,POAL2,5e3db145-4546-4929-a979-006e9dfc47a1,08/26/2025 17:29:26.320,cnhp_guest4,08/26/2025 17:29:26.320,cnhp_guest4
223,bb01dd31-245e-4e1a-8310-c98539767167,CAEB,,,1-5,No_Damage,,800,0,0,0,100,0,Healthy,,1,0,0,0,>50,yes,20250823_39.48885756-106.24690461,CAEB,5e3db145-4546-4929-a979-006e9dfc47a1,08/26/2025 17:29:26.320,cnhp_guest4,08/26/2025 17:29:26.320,cnhp_guest4
224,492174cc-3f12-4a0d-a924-ca6bd560161f,GERO2,,,1-5,No_Damage,,1000,0,5,10,35,50,Healthy,,1,10,5,10000,>50,yes,20250824_39.126711-106.58731441,GERO2,78f5e46b-782c-4a73-a629-a1cd25eefae0,08/26/2025 17:29:28.354,cnhp_guest4,08/26/2025 17:29:28.354,cnhp_guest4
225,71702e2c-c914-4037-87a6-75209bc03e02,DECE,,,5-10,No_Damage,,5000,0,0,45,55,0,Healthy,,1,29,6,174000,>50,yes,20250824_39.28137153-106.71867075,DECE,4971f1ab-bce0-4cf9-b8f0-6f0da822dddb,08/26/2025 17:29:30.064,cnhp_guest4,08/26/2025 17:29:30.064,cnhp_guest4
226,42552d30-7d0c-4831-8d32-90a5a47130d4,TRSP2,,,5-10,No_Damage,,1000,0,0,80,20,0,Malformed/Other,"Potentially some smut but mostly ""water bags""",2,97,5,194000,<50,no,20250824_39.28137153-106.71867075,TRSP2,4971f1ab-bce0-4cf9-b8f0-6f0da822dddb,08/26/2025 17:29:30.064,cnhp_guest4,08/26/2025 17:29:30.064,cnhp_guest4
227,3e02e383-68d5-4e24-8faf-3c16f0056da2,CAEB,,,5-10,No_Damage,,500,0,0,0,100,0,Healthy,,1,0,0,0,>50,yes,20250824_39.28137153-106.71867075,CAEB,4971f1ab-bce0-4cf9-b8f0-6f0da822dddb,08/26/2025 17:29:30.064,cnhp_guest4,08/26/2025 17:29:30.064,cnhp_guest4
228,ce66da97-efc3-45e4-93e5-14bf2d41f75c,ARTRV,,,5-10,Other,Dispersed camping along road,2000,40,30,20,10,0,Immature,,1,23,15,20700,<50,no,20250827_39.52584873419255-105.73531488887966,ARTRV,3a359bbd-19e1-4c64-a4db-89bb60abca22,08/27/2025 22:10:52.435,cnhp_guest4,09/11/2025 03:18:29.978,cnhp_guest4
229,5c656b24-01d9-4d52-8987-e2e8b1afe430,Other,Erigeron elatior,,1-5,Other,Recreation area,300,20,20,30,25,5,Healthy,,0,0,4,93600,<50,no,20250827_39.606306119821966-105.72854859754443,ERSP4,df23ab64-c241-44ae-a205-4107d6fa19cd,08/27/2025 22:11:00.034,cnhp_guest4,10/03/2025 21:02:18.157,cnhp_guest4
230,79233e70-abf5-4965-966c-1df7de64f39d,ERSP4,,,5-10,"Other,No_Damage",Invasives,500,5,1,0,80,4,Healthy,,1,390,4,156000,>50,yes,20250904_40.77708666678518-106.77404140122235,ERSP4,130ddccf-7dd6-4c1c-95e0-c449e34a26dc,09/05/2025 16:36:43.898,cnhp_guest4,09/07/2025 02:14:07.839,cnhp_guest4
231,8cc370af-7179-4bc8-8e60-3f542d429fdb,HEMU3,,,5-10,"No_Damage,Other",Invasives,1000,5,10,10,70,5,Healthy,,1,113,8,180800,>50,yes,20250904_40.77708666678518-106.77404140122235,HEMU3,130ddccf-7dd6-4c1c-95e0-c449e34a26dc,09/05/2025 16:36:43.898,cnhp_guest4,09/07/2025 02:14:07.839,cnhp_guest4
232,61b0d7e5-a4d0-4347-b174-9b38039b3436,NAVI4,,,1-5,Other,Invasive brome,2500,0,0,0,0,100,Empty,,1,88,4,176000,<50,no,20250902_42.93261849-104.04055366,NAVI4,c1d88d56-dd6c-4c96-9987-f40ac0eb97d9,09/09/2025 17:12:03.176,cnhp_guest4,09/09/2025 17:12:03.176,cnhp_guest4
233,f1e08160-f4eb-414f-bba4-c09c6bc9bdcc,NAVI4,,,0-1,Other,Lots of invasive brome,750,0,0,0,0,100,Empty,,1,88,4,52800,<50,no,20250902_42.95545756-104.04117206,NAVI4,93d16971-1d11-4840-a537-92924d18239e,09/09/2025 17:12:06.322,cnhp_guest4,09/09/2025 17:12:06.322,cnhp_guest4
234,4feb810a-e3af-4e9e-9dfc-8eaee33d27d9,ECAN2,,,0-1,No_Damage,,100,0,0,0,100,0,Empty,,1,0,0,0,>50,no,20250903_42.96503004-103.47193839,ECAN2,f5fe030b-ffe5-4308-b1fb-beb7150ca352,09/09/2025 17:12:08.204,cnhp_guest4,09/09/2025 17:12:08.204,cnhp_guest4
235,5ac984f7-09a0-40ca-9ca9-0eb7cef77109,SCSC,,,10-40,No_Damage,,1000,35,0,0,65,0,Empty,,1,31,21,130200,>50,no,20250903_42.96503004-103.47193839,SCSC,f5fe030b-ffe5-4308-b1fb-beb7150ca352,09/09/2025 17:12:08.204,cnhp_guest4,09/09/2025 17:12:08.204,cnhp_guest4
236,a75165ee-eeef-4959-b162-1fcb7b33ed98,NAVI4,,,1-5,No_Damage,,250,0,0,0,0,100,Malformed/Other,Shattered,1,88,4,17600,<50,no,20250903_42.96503004-103.47193839,NAVI4,f5fe030b-ffe5-4308-b1fb-beb7150ca352,09/09/2025 17:12:08.204,cnhp_guest4,09/09/2025 17:12:08.204,cnhp_guest4
237,500d1022-51b5-4edb-88d5-ee55af909636,SCSC,,,5-10,Grazed_Domestic,,2500,0,0,0,100,0,Empty,,1,31,21,325500,>50,yes,20250903_42.96473289-103.44451504,SCSC,4a82b890-ea41-4cd0-a8fa-218abab0a451,09/09/2025 17:12:10.197,cnhp_guest4,09/09/2025 17:12:10.197,cnhp_guest4
238,09421369-f82b-4f80-9335-264affae7bd6,ECAN2,,,1-5,No_Damage,,300,0,0,0,100,0,Healthy,,1,0,0,0,>50,yes,20250904_42.696699928384994-103.5798292729516,ECAN2,22db0ea3-e3a2-4548-8563-4452bf3c6ce2,09/09/2025 17:12:12.236,cnhp_guest4,09/09/2025 17:12:12.236,cnhp_guest4
239,4edddd2e-250e-423d-970d-79b0ddcdd450,ECAN2,,,1-5,No_Damage,,250,0,0,0,100,0,Healthy,,1,0,0,0,>50,yes,20250904_42.8288713-103.583594,ECAN2,84eef968-68d4-42a0-b4c1-977c907443fa,09/09/2025 17:12:13.873,cnhp_guest4,09/09/2025 17:12:13.873,cnhp_guest4
240,cb620fca-ffc9-41e2-9e63-03064c90c7f2,SCSC,,,1-5,No_Damage,,1000,0,0,0,95,5,Empty,,1,31,21,130200,>50,yes,20250904_42.8288713-103.583594,SCSC,84eef968-68d4-42a0-b4c1-977c907443fa,09/09/2025 17:12:13.873,cnhp_guest4,09/09/2025 17:12:13.873,cnhp_guest4
241,5db8ccde-cd14-4647-ba16-47a082d33f01,SCSC,,,10-40,Grazed_Domestic,,5000,0,0,10,90,0,Healthy,,1,31,21,651000,>50,yes,20250905_42.82307181-103.61786852,SCSC,b1681df2-40e4-4314-9e02-96111e15a863,09/09/2025 17:12:15.523,cnhp_guest4,09/09/2025 17:12:15.523,cnhp_guest4
242,e9b1961e-b889-474e-ae97-3c66eaa03636,ECAN2,,,5-10,Other,Road,500,0,0,0,100,0,Healthy,,1,50,1,5000,>50,yes,20250905_42.63791851-103.19341499,ECAN2,4f31c6fe-1da8-4638-95f5-492411952b54,09/09/2025 17:12:17.179,cnhp_guest4,09/09/2025 17:12:17.179,cnhp_guest4
243,bf687282-91fc-43b0-8a15-791cf86753bc,ECAN2,,,5-10,Other,Invaded by bromes,400,0,0,0,100,0,Healthy,,1,0,0,0,>50,yes,20250906_42.66472868-103.10089252,ECAN2,e40aeb0d-b20a-40fb-92a4-d0c6a656bcb3,09/09/2025 17:12:18.901,cnhp_guest4,09/09/2025 17:12:18.901,cnhp_guest4
244,882cc273-548f-4f68-bbd4-9c131f535d4d,ANGE,,,1-5,Grazed_Domestic,,400,0,0,0,100,0,Empty,,1,58,3,13920,<50,no,20250906_42.67304435-103.09660526,ANGE,747ed994-ce7f-4f05-9f7b-76c36e277345,09/09/2025 17:12:20.653,cnhp_guest4,09/09/2025 17:12:20.653,cnhp_guest4
245,4c09ba3b-8bb7-4832-bb0d-36a4329dd3cd,ECAN2,,,1-5,Grazed_Domestic,,280,0,0,0,100,0,Healthy,,1,0,0,0,>50,yes,20250906_42.64314873-103.04533043,ECAN2,adea48a2-f4b6-4128-899b-1bc4afb48b81,09/09/2025 17:12:22.525,cnhp_guest4,09/09/2025 17:12:22.525,cnhp_guest4
246,d8992065-c491-4d6c-a0cb-3b6dcc2db8e2,ASSP,,,0-1,Other,Is in a built environment period right on the outside of the field office for pine ridge,800,0,0,20,80,0,Healthy,,60,5,3,144000,>50,yes,20250906_42.83441434-103.00034191,ASSP,2b1d30f8-e17d-4bc5-b1d3-e15cfa3ff9ec,09/09/2025 17:12:24.446,cnhp_guest4,09/09/2025 17:12:24.446,cnhp_guest4
247,04e2f704-4445-4cae-94ce-85eda9566609,CAEB,,,0-1,"No_Damage,Other",Recreation,500,0,10,20,70,0,Healthy,,1,0,0,0,>50,no,20250827_39.606306119821966-105.72854859754443,CAEB,df23ab64-c241-44ae-a205-4107d6fa19cd,09/11/2025 03:21:36.268,cnhp_guest4,09/11/2025 03:21:36.268,cnhp_guest4
248,bbd449cb-7b3b-41d9-bc6f-b1b503ea474c,MOFI,,,10-40,No_Damage,,700,30,0,0,70,0,Healthy,,4,0,5,0,>50,yes,20250921_39.34513833839446-105.26946161873639,MOFI,bedf82ea-7ec7-4697-8e2d-7b949cb4cdf3,09/23/2025 01:57:39.973,cnhp_guest4,09/23/2025 01:57:39.973,cnhp_guest4
249,445a8294-4ccd-4b0a-8287-6cd0288188ce,PENST,,,10-40,No_Damage,,2000,30,0,0,50,20,Healthy,,0,0,0,0,<50,yes,20250921_39.34513833839446-105.26946161873639,PENST,bedf82ea-7ec7-4697-8e2d-7b949cb4cdf3,09/23/2025 01:57:39.973,cnhp_guest4,09/23/2025 01:57:39.973,cnhp_guest4
250,a1f535cb-0fe4-47d3-97b7-66f86366a82c,ARTRV,,,40-100,No_Damage,,10000,0,0,20,80,0,Healthy,,1,23,15,690000,>50,yes,20250917_39.66985596-107.17329897,ARTRV,c76b8269-820a-4a78-a8d7-3c33788913d4,09/23/2025 20:50:55.233,cnhp_guest4,09/23/2025 20:50:55.233,cnhp_guest4
251,43fde568-4f81-436d-b932-773333799ec1,ARTRW8,,,1-5,Other,Invasives,1000,0,0,80,20,0,Immature,,1,23,15,69000,<50,no,20250918_39.51830224-106.90178516,ARTRW8,3bd47009-53bf-463e-864d-7e021a3abbfe,09/23/2025 20:50:59.396,cnhp_guest4,09/23/2025 20:50:59.396,cnhp_guest4
252,1164ecc3-530b-47fe-983a-097d98b42552,MOFI,,,1-5,No_Damage,,1500,0,0,0,95,5,Healthy,,4,0,5,0,<50,yes,20250921_40.24754271-105.42281424,MOFI,80c52e52-0f6c-43f3-bc43-d6e25e23cde8,09/23/2025 20:51:01.331,cnhp_guest4,09/23/2025 20:51:01.331,cnhp_guest4
253,00ae558e-ec4c-488a-b2bc-34a1fcbe47e7,MOFI,,,1-5,Other,Thinning treatment on ponderosa,2000,0,0,0,95,5,Healthy,,4,0,5,0,<50,yes,20250922_40.24058575-105.43449287,MOFI,f7bca525-a44b-4eb4-a3e2-8ba0c8ddd5a9,09/23/2025 20:51:03.253,cnhp_guest4,09/23/2025 20:51:03.253,cnhp_guest4
254,f7adc13f-8f3b-498e-b640-3617b6b5d21a,HEPU3,,,1-5,No_Damage,,60,0,0,0,10,90,Healthy,,1,0,0,0,<50,no,20250922_40.19587783-105.48118795,HEPU3,0c9e454f-5e4d-4d4b-833e-227a217cf3b7,09/23/2025 20:51:04.900,cnhp_guest4,09/23/2025 20:51:04.900,cnhp_guest4
255,ab80e557-417c-4b98-984f-221fe2fabcb2,PUTR2,,,1-5,No_Damage,,300,0,0,0,50,50,Empty,,1,0,0,0,>50,no,20250922_40.19587783-105.48118795,PUTR2,0c9e454f-5e4d-4d4b-833e-227a217cf3b7,09/23/2025 20:51:04.900,cnhp_guest4,09/23/2025 20:51:04.900,cnhp_guest4
256,dbf7c7f4-800e-4dee-ba43-bdfd864de4d7,ARTRV,,,10-40,Other,"Old ag use, invasives",10000,40,0,0,60,0,Healthy,,1,23,15,690000,>50,yes,20250924_39.56026860047132-105.99554750137031,ARTRV,33e74b31-441d-4165-9ddb-317b1c452d71,09/24/2025 15:03:13.501,cnhp_guest4,09/28/2025 20:20:19.622,cnhp_guest4
257,4ad73cdd-83d6-4ba5-8ead-6adf9fd8adf4,PEST2,,,1-5,Seeded,,200,40,0,0,40,20,Healthy,,0,0,0,0,>50,yes,20250924_39.837550674565136-106.3138597458601,PEST2,33ce43de-468f-4bf6-9918-839983e8f5f3,09/28/2025 20:03:15.257,cnhp_guest4,10/05/2025 17:33:12.181,cnhp_guest4
258,a21567e2-3d28-4d28-bad9-3a9a11cc493a,PENST,,,5-10,"Trampled,Grazed_Wildlife",,1000,30,0,0,60,10,Healthy,,0,0,0,0,>50,yes,20250925_39.83028268441558-106.32771955803037,PENST,f77ad9b8-1012-45d6-a7b4-e3b83f239654,09/28/2025 20:03:19.096,cnhp_guest4,09/28/2025 20:08:39.123,cnhp_guest4
259,6f928fa3-eafa-4e15-ac42-ef031c82a648,Other,Eriogonum umbellatum,,5-10,No_Damage,,1000,20,0,0,60,20,Healthy,,0,0,0,0,>50,yes,20251001_40.05329273175448-105.45614261180162,Other,8d6762e9-514c-41bc-844a-57fd874bbdc1,10/02/2025 00:42:21.435,cnhp_guest4,10/03/2025 17:33:46.535,cnhp_guest4
260,7cc48434-f7c9-4f95-9af6-a0114765e373,MOFI,,,5-10,No_Damage,,600,10,0,0,80,10,Healthy,,4,0,5,0,>50,yes,20251001_40.05329273175448-105.45614261180162,MOFI,8d6762e9-514c-41bc-844a-57fd874bbdc1,10/02/2025 00:42:21.435,cnhp_guest4,10/03/2025 17:33:46.535,cnhp_guest4
261,e79a742d-953e-4da1-a6ea-1620f0b570db,ERSP4,,,1-5,No_Damage,,300,50,0,0,30,20,Healthy,,1,390,4,93600,>50,yes,20251001_40.05329273175448-105.45614261180162,ERSP4,8d6762e9-514c-41bc-844a-57fd874bbdc1,10/02/2025 00:42:21.435,cnhp_guest4,10/03/2025 17:33:46.535,cnhp_guest4
262,5ba33b26-9f2d-4740-a96c-3409ea3f80f1,PENST,,,5-10,No_Damage,,900,30,0,0,50,20,Healthy,,0,0,0,0,>50,yes,20251001_40.05329273175448-105.45614261180162,PENST,8d6762e9-514c-41bc-844a-57fd874bbdc1,10/02/2025 00:42:21.435,cnhp_guest4,10/03/2025 17:33:46.535,cnhp_guest4
263,fd5fafaf-c2fe-4136-8442-c2a24b809145,PEPR2,,,0-1,No_Damage,,200,20,0,0,50,30,Healthy,,0,0,0,0,>50,yes,20250925_39.83716-106.3156,PEPR2,08c1a964-f976-4281-b2db-ee18b173a761,10/02/2025 01:11:45.702,cnhp_guest4,10/02/2025 01:11:45.702,cnhp_guest4
264,d62f1f11-b43f-40ec-b947-1d04986a607d,Other,Danthonia parryi,,5-10,Grazed_Domestic,,1000,30,0,0,30,40,Healthy,,0,0,0,0,>50,yes,20251009_38.016970376484096-105.16630679368973,DASP2,cececdad-77fc-4a46-a9e7-09c45217d94a,10/09/2025 23:29:50.741,cnhp_guest4,10/09/2025 23:44:49.119,cnhp_guest4
265,4d7f02cf-4317-4d96-a377-7b4783f1e692,BOCU,,,0-1,Mowed,,3000,30,0,0,40,30,Empty,,1,41,4,98400,>50,no,20251018_37.10383797-101.93837654,BOCU,600b96f3-4e3b-4c8a-b824-91251ea8c242,10/20/2025 19:26:21.486,cnhp_guest4,10/20/2025 19:26:21.486,cnhp_guest4
266,3faadb1b-c97b-45e8-9d52-26ba51b53745,SCSC,,,0-1,Mowed,,300,10,0,0,90,0,Healthy,,1,31,21,39060,>50,yes,20251018_37.10383797-101.93837654,SCSC,600b96f3-4e3b-4c8a-b824-91251ea8c242,10/20/2025 19:26:21.486,cnhp_guest4,10/20/2025 19:26:21.486,cnhp_guest4
267,f2ed3671-a66a-499e-8ea6-f66578999284,SCSC,,,0-1,No_Damage,,100,15,0,0,85,0,Empty,,1,31,21,13020,>50,no,20251014_37.66107531-103.56883986,SCSC,44bcf45d-fb2a-4390-a881-a7ba40338423,10/20/2025 19:27:29.409,cnhp_guest4,10/20/2025 19:27:29.409,cnhp_guest4
268,e2c5fd01-8836-4c2b-bdd2-21e02f63cb5c,Other,BOGR2,,5-10,Grazed_Domestic,,1000,0,0,0,75,25,Empty,,0,0,0,0,>50,no,20251015_37.78951201-103.5014165,Other,e4236c3d-4fa5-451a-b39e-636863104e6f,10/20/2025 19:27:31.243,cnhp_guest4,10/20/2025 19:27:31.243,cnhp_guest4
269,698c6230-8884-4fed-9dc3-cccd3239d678,SCSC,,,0-1,No_Damage,,700,15,0,0,80,5,Empty,,1,31,21,91140,>50,no,20251015_37.17641071-103.61360611,SCSC,689baefc-a9c2-4085-80a7-c3a7f7c83f3a,10/20/2025 19:27:33.303,cnhp_guest4,10/20/2025 19:27:33.303,cnhp_guest4
270,11a07db4-5881-4265-aa27-4ab2af03c0ba,ANGE,,,0-1,No_Damage,,250,10,0,0,85,5,Empty,,1,58,3,8700,>50,no,20251015_37.17641071-103.61360611,ANGE,689baefc-a9c2-4085-80a7-c3a7f7c83f3a,10/20/2025 19:27:33.303,cnhp_guest4,10/20/2025 19:27:33.303,cnhp_guest4
271,5dc65bf7-98ab-41ae-8f96-be7fb89f6029,BOCU,,,1-5,No_Damage,,1000,50,0,0,45,5,Healthy,,1,41,4,32800,>50,yes,20251015_37.17641071-103.61360611,BOCU,689baefc-a9c2-4085-80a7-c3a7f7c83f3a,10/20/2025 19:27:33.303,cnhp_guest4,10/20/2025 19:27:33.303,cnhp_guest4
272,b64a01e2-e405-43fd-920d-b75fcb27b17d,LIPU,,,0-1,No_Damage,,250,0,0,0,95,5,Healthy,,1,31,5,7750,>50,yes,20251015_37.17641071-103.61360611,LIPU,689baefc-a9c2-4085-80a7-c3a7f7c83f3a,10/20/2025 19:27:33.303,cnhp_guest4,10/20/2025 19:27:33.303,cnhp_guest4
273,1593b71a-7f2f-4964-bb8f-969a1915b541,BOCU,,,1-5,No_Damage,,1500,15,0,0,75,10,Empty,,1,41,4,49200,>50,yes,20251016_37.66888169-103.83693113,BOCU,54d2945c-72a9-490e-b66a-fcc38716571b,10/20/2025 19:27:35.074,cnhp_guest4,10/20/2025 19:27:35.074,cnhp_guest4
274,dfbd762b-5a77-40f1-bd66-625e031ee08e,SCSC,,,1-5,No_Damage,,1500,10,0,0,90,0,Healthy,,1,31,21,195300,>50,yes,20251017_37.12163332-103.00815493,SCSC,4e18e9b7-5021-4692-8b4e-ff39cc19c6bc,10/20/2025 19:27:36.681,cnhp_guest4,10/20/2025 19:27:36.681,cnhp_guest4
275,ff7b1e10-2c46-4b98-b103-9007d42319e5,SCSC,,,1-5,No_Damage,,3000,0,0,0,100,0,Healthy,,1,31,21,390600,>50,yes,20251017_37.10781707-103.01355333,SCSC,805e630b-0476-4e01-97cc-407dce09d4ee,10/20/2025 19:27:38.138,cnhp_guest4,10/20/2025 19:27:38.138,cnhp_guest4
276,5c377b66-f16d-42bf-8509-f219ffa7c8bf,BOCU,,,1-5,No_Damage,,500,0,0,0,75,25,Empty,,1,41,4,16400,>50,no,20251017_37.10781707-103.01355333,BOCU,805e630b-0476-4e01-97cc-407dce09d4ee,10/20/2025 19:27:38.138,cnhp_guest4,10/20/2025 19:27:38.138,cnhp_guest4
277,436dcea3-e49e-487c-b89f-347e692d8f50,SCSC,,,1-5,No_Damage,,2000,0,0,0,100,0,Empty,,1,31,21,260400,>50,no,20251018_37.09590472-102.989002,SCSC,77e1706e-4e53-457f-9a64-d719310e191e,10/20/2025 19:27:39.705,cnhp_guest4,10/20/2025 19:27:39.705,cnhp_guest4
278,eb7c3196-147b-47ec-aa47-3dc12dfd3927,SCSC,,,5-10,No_Damage,,4000,0,0,0,100,0,Empty,,1,31,21,520800,>50,no,20251018_37.10947066-102.98360536,SCSC,24191230-0a88-4e65-9e6a-9a8ccbdb3fa3,10/20/2025 19:27:41.319,cnhp_guest4,10/20/2025 19:27:41.319,cnhp_guest4
279,c2c0bdb1-4a0c-4a7d-b08f-40f25558aa3c,BOCU,,,1-5,No_Damage,,500,0,0,0,50,50,Empty,,1,41,4,16400,>50,no,20251018_37.10947066-102.98360536,BOCU,24191230-0a88-4e65-9e6a-9a8ccbdb3fa3,10/20/2025 19:27:41.319,cnhp_guest4,10/20/2025 19:27:41.319,cnhp_guest4
280,d4c28f7b-e164-4702-88ea-a6de5eead6ee,ANGE,,,1-5,No_Damage,,5000,0,0,0,100,0,Empty,,1,58,3,174000,>50,no,20251018_37.12548431-101.86517484,ANGE,8b71b3fd-c366-450b-a48b-ee31dc83e24c,10/20/2025 19:27:43.100,cnhp_guest4,10/20/2025 19:27:43.100,cnhp_guest4
281,26d5594d-a587-4dc8-a2d3-ec7fe6033ef0,ANGE,,,0-1,No_Damage,,450,0,0,0,100,0,Empty,,1,58,3,15660,>50,no,20251019_37.20823708-101.6517128,ANGE,f0873100-3ef3-4f2e-a6f0-54df731c4cf2,10/20/2025 19:27:45.200,cnhp_guest4,10/20/2025 19:27:45.200,cnhp_guest4
282,53f6db6e-3fd1-4a3c-bfa6-614e1497a229,PENST,,,0-1,No_Damage,,80,10,0,0,75,15,Healthy,,0,0,0,0,>50,yes,20251020_38.7409431-104.89538307,PENST,201364a0-60e2-49fe-9bd1-f5155b708e97,10/20/2025 19:27:47.111,cnhp_guest4,10/20/2025 19:27:47.111,cnhp_guest4
283,72f8bf32-89ed-49e2-b2c3-eb688df24063,PEAL2,,,0-1,No_Damage,,100,30,0,0,30,40,Healthy,,30,25,4,60000,>50,yes,20251016_37.13571337983012-103.00915569998324,PEAL2,856e1036-effb-42d9-adb8-9c09b2daa17f,10/21/2025 15:50:32.885,cnhp_guest4,10/21/2025 15:50:32.885,cnhp_guest4
284,4e6760ea-2b1e-4a9d-bcaf-567ecfe08b34,LIPU,,,1-5,No_Damage,,300,30,0,20,40,10,Healthy,,1,31,5,9300,>50,yes,20251017_37.14814336504787-102.99656180664897,LIPU,40de9c6b-2515-493f-85ae-b58a6b46b6ca,10/21/2025 15:50:35.539,cnhp_guest4,10/21/2025 15:50:35.539,cnhp_guest4
285,aeea66eb-1dac-42ce-b6f0-008371c49eb1,SCSC,,,5-10,No_Damage,,300,20,0,10,30,40,Empty,,1,31,21,39060,>50,yes,20251017_37.14814336504787-102.99656180664897,SCSC,40de9c6b-2515-493f-85ae-b58a6b46b6ca,10/21/2025 15:50:35.539,cnhp_guest4,10/21/2025 15:50:35.539,cnhp_guest4
286,3931eb75-5a9d-449a-8b7a-9273284661d4,BOCU,,,1-5,No_Damage,,40,0,0,0,30,30,Healthy,,1,41,4,1312,>50,yes,20251017_37.14814336504787-102.99656180664897,BOCU,40de9c6b-2515-493f-85ae-b58a6b46b6ca,10/21/2025 15:50:35.539,cnhp_guest4,10/21/2025 15:50:35.539,cnhp_guest4
287,a89c97a9-870e-410e-9105-03ab336a3c84,SCSC,,,5-10,No_Damage,,1000,30,0,0,60,10,Healthy,,1,31,21,130200,>50,yes,20251016_37.136878464370966-103.01558973267674,SCSC,47909708-204c-4d15-80ef-cc4ee8c37dae,10/21/2025 15:51:10.762,cnhp_guest4,10/21/2025 15:51:10.762,cnhp_guest4
288,d28c29c1-6878-4077-8fe0-ba791b867b69,BOCU,,,1-5,No_Damage,,200,50,0,0,20,30,Healthy,,1,41,4,6560,<50,yes,20251016_37.136878464370966-103.01558973267674,BOCU,47909708-204c-4d15-80ef-cc4ee8c37dae,10/21/2025 15:51:10.762,cnhp_guest4,10/21/2025 15:51:10.762,cnhp_guest4
